id,conference,year,title,agenda_authors,authors,status,journal,pub_year,lag,published_title,url,note
nber2015-01,NBER SI IO,2015,Demand Estimation with High Dimensional Data and an Application to Amazon's Book Marketplace,Patrick Bajari; Guido Imbens; Ana Gomez Lemmen Meyer; Wilko Schulz-Mahlendorf,Patrick Bajari; Guido Imbens; Ana Gomez Lemmen Meyer; Wilko Schulz-Mahlendorf,not_found,,,,,,"No publication or public working paper found; only conference/seminar presentations (NBER SI 2015, Univ. of Pittsburgh CoMeT colloquium). Uses Amazon proprietary data and appears never to have circulated as an NBER/SSRN paper. Not to be confused with Bajari-Nekipelov-Ryan-Yang AER P&P 2015 'Machine Learning Methods for Demand Estimation'."
nber2015-02,NBER SI IO,2015,"Cheap Talk, Round Numbers, and the Economics of Negotiation",Matthew Backus; Tom Blake; Steven Tadelis,Matthew Backus; Thomas Blake; Steven Tadelis,published,Journal of Political Economy,2019,4,On the Empirical Content of Cheap-Talk Signaling: An Application to Bargaining,https://www.journals.uchicago.edu/doi/abs/10.1086/701699,"JPE 127(4), pp. 1599-1628. Title changed from working-paper version."
nber2015-03,NBER SI IO,2015,Transparency and Negotiated Prices: The Value of Information in Hospital-Supplier Bargaining,Matthew Grennan; Ashley Swanson,Matthew Grennan; Ashley Swanson,published,Journal of Political Economy,2020,5,,https://www.journals.uchicago.edu/doi/abs/10.1086/705329,"JPE 128(4), pp. 1234-1268."
nber2015-04,NBER SI IO,2015,Competitive Bundling,Jidong Zhou,Jidong Zhou,published,Econometrica,2017,2,,https://onlinelibrary.wiley.com/doi/abs/10.3982/ECTA14251,"Econometrica 85(1), pp. 145-172."
nber2015-05,NBER SI IO,2015,Bid Shading and Bidder Surplus in the U.S. Treasury Auction System,Ali Hortacsu; Jakub Kastl; Allen Zhang,Ali Hortacsu; Jakub Kastl; Allen Zhang,published,American Economic Review,2018,3,,https://www.aeaweb.org/articles?id=10.1257/aer.20160675,"AER 108(1), pp. 147-169."
nber2015-06,NBER SI IO,2015,Measuring the Sensitivity of Parameter Estimates to Sample Statistics,Matthew Gentzkow; Jesse Shapiro,Isaiah Andrews; Matthew Gentzkow; Jesse M. Shapiro,published,Quarterly Journal of Economics,2017,2,Measuring the Sensitivity of Parameter Estimates to Estimation Moments,https://academic.oup.com/qje/article-abstract/132/4/1553/3861634,"QJE 132(4), pp. 1553-1592. Title changed ('Sample Statistics' -> 'Estimation Moments') and Isaiah Andrews added as coauthor relative to conference agenda."
nber2015-07,NBER SI IO,2015,Relative Price Dispersion: Evidence and Theory,Greg Kaplan; Guido Menzio; Leena Rudanko; Nicholas Trachter,Greg Kaplan; Guido Menzio; Leena Rudanko; Nicholas Trachter,published,AEJ: Microeconomics,2019,4,,https://www.aeaweb.org/articles?id=10.1257/mic.20170126,"AEJ: Micro 11(3), pp. 68-124."
nber2015-08,NBER SI IO,2015,Positive Spillovers and Free Riding in Advertising of Prescription Pharmaceuticals: the Case of Antidepressants,Bradley Shapiro,Bradley T. Shapiro,published,Journal of Political Economy,2018,3,,https://www.journals.uchicago.edu/doi/abs/10.1086/695475,"JPE 126(1), pp. 381-437."
nber2015-09,NBER SI IO,2015,Insurer Competition in Health Care Markets,Kate Ho; Robin S. Lee,Kate Ho; Robin S. Lee,published,Econometrica,2017,2,,https://onlinelibrary.wiley.com/doi/abs/10.3982/ECTA13570,"Econometrica 85(2), pp. 379-417."
nber2016-01,NBER SI IO,2016,Market Structure with the Entry of Peer-to-Peer Platforms: The Case of Hotels and Airbnb,Chiara Farronato; Andrey Fradkin,Chiara Farronato; Andrey Fradkin,published,American Economic Review,2022,6,The Welfare Effects of Peer Entry: The Case of Airbnb and the Accommodation Industry,https://www.aeaweb.org/articles?id=10.1257/aer.20180260,"AER 112(6), pp. 1782-1817. Title changed from conference version."
nber2016-02,NBER SI IO,2016,Multi-Category Competition and Market Power: A Model of Supermarket Pricing,Oyvind Thomassen; Howard Smith; Stephan Seiler; Pasquale Schiraldi,Oyvind Thomassen; Howard Smith; Stephan Seiler; Pasquale Schiraldi,published,American Economic Review,2017,1,,https://www.aeaweb.org/articles?id=10.1257/aer.20160055,"AER 107(8), pp. 2308-2351."
nber2016-03,NBER SI IO,2016,"Competition, Product Proliferation and Welfare: A Study of the U.S. Smartphone Market",Ying Fan; Chenyu Yang,Ying Fan; Chenyu Yang,published,AEJ: Microeconomics,2020,4,"Competition, Product Proliferation, and Welfare: A Study of the US Smartphone Market",https://www.aeaweb.org/articles?id=10.1257/mic.20180182,"AEJ: Micro 12(2), pp. 99-134."
nber2016-04,NBER SI IO,2016,The Illiquidity of Water Markets: Efficient Institutions for Water Allocation in Southeastern Spain,Javier Donna; Jose-Antonio Espin-Sanchez,Javier D. Donna; Jose-Antonio Espin-Sanchez,forthcoming,Review of Economic Studies,,,The Illiquidity of Water Markets,https://academic.oup.com/restud/advance-article-abstract/doi/10.1093/restud/rdag004/8427442,Accepted at ReStud; advance article online (DOI 10.1093/restud/rdag004) but not yet assigned to an issue as of July 2026. Subtitle dropped from published title.
nber2016-05,NBER SI IO,2016,Ultimate Ownership and Bank Competition,Jose Azar; Sahil Raina; Martin Schmalz,Jose Azar; Sahil Raina; Martin C. Schmalz,published,Financial Management,2022,6,,https://onlinelibrary.wiley.com/doi/abs/10.1111/fima.12368,"Financial Management 51(1), pp. 227-269 (Wiley, peer-reviewed FMA journal)."
nber2016-06,NBER SI IO,2016,Spatial Competition and Preemptive Entry in the Discount Retail Industry,Fanyin Zheng,Fanyin Zheng,working_paper,,,,,https://www.ssrn.com/abstract=2775498,"Still unpublished; listed as 'major revision, Journal of Political Economy' on author's website (checked July 2026). SSRN working paper."
nber2016-07,NBER SI IO,2016,"Mergers, Innovation, and Entry-Exit Dynamics: Consolidation of the Hard Disk Drive Industry, 1996-2015",Mitsuru Igami; Kosuke Uetake,Mitsuru Igami; Kosuke Uetake,published,Review of Economic Studies,2020,4,"Mergers, Innovation, and Entry-Exit Dynamics: Consolidation of the Hard Disk Drive Industry, 1996-2016",https://academic.oup.com/restud/article-abstract/87/6/2672/5568308,"REStud 87(6): 2672-2702, Nov 2020; end year in title changed 2015 to 2016"
nber2016-08,NBER SI IO,2016,"Product Variety, Across-Market Demand Heterogeneity, and the Value of Online Retail",Thomas Quan; Kevin Williams,Thomas W. Quan; Kevin R. Williams,published,RAND Journal of Economics,2018,2,,https://onlinelibrary.wiley.com/doi/full/10.1111/1756-2171.12255,"RAND 49(4): 877-913, Winter 2018"
nber2017-01,NBER SI IO,2017,One Markup to Rule Them All: Taxation by Liquor Pricing Regulation,Eugenio Miravete; Katja Seim; Jeff Thurk,Eugenio J. Miravete; Katja Seim; Jeff Thurk,published,AEJ: Microeconomics,2020,3,,https://www.aeaweb.org/articles?id=10.1257/mic.20180155,"AEJ: Micro 12(1): 1-41, Feb 2020"
nber2017-02,NBER SI IO,2017,Distorted Advice in Financial Markets: Evidence from the Mortgage Market,Leonardo Gambacorta; Luigi Guiso; Paolo Emilio Mistrulli; Andrea Pozzi; Anton Tsoy,Luigi Guiso; Andrea Pozzi; Anton Tsoy; Leonardo Gambacorta; Paolo Emilio Mistrulli,published,Journal of Financial Economics,2022,5,The Cost of Steering in Financial Markets: Evidence from the Mortgage Market,https://ideas.repec.org/a/eee/jfinec/v143y2022i3p1209-1226.html,"JFE 143(3): 1209-1226, 2022; title and author order changed from conference version"
nber2017-03,NBER SI IO,2017,Switching Costs in Pension Plan Choice,Gaston Illanes,Gaston Illanes,working_paper,,,,,https://sites.northwestern.edu/gil208/,Still listed under Working Papers on author's Northwestern website (checked July 2026)
nber2017-04,NBER SI IO,2017,"Geography, Search Frictions and Endogenous Trade Costs",Giulia Brancaccio; Myrto Kalouptsidi; Theodore Papageorgiou,Giulia Brancaccio; Myrto Kalouptsidi; Theodore Papageorgiou,published,Econometrica,2020,3,"Geography, Transportation, and Endogenous Trade Costs",https://onlinelibrary.wiley.com/doi/abs/10.3982/ECTA15455,"Econometrica 88(2): 657-691, 2020; retitled from 'Geography, Search Frictions and Endogenous Trade Costs'"
nber2017-05,NBER SI IO,2017,Advertising in Vertical Relationships: An Equilibrium Model of the Automobile Industry,Charles Murry,Charles Murry,working_paper,,,,,https://charliemurry.github.io/working_papers/Murry_AdsVertical_2017.pdf,Listed under 'Unpublished Drafts' (2017) in Murry's CV updated Sept 2025
nber2017-06,NBER SI IO,2017,Effects of Regulatory Capture: Evidence from Patent Examiners,Haris Tabakovic; Thomas Wollmann,Haris Tabakovic; Thomas G. Wollmann,working_paper,,,,Effects of Regulatory Capture: Evidence from Patent Examiners,https://www.nber.org/papers/w24638,"NBER WP 24638 (circulated as 'From Revolving Doors to Regulatory Capture?'); revise-and-resubmit at AEJ: Policy per Wollmann CV (Jan 2026), not yet accepted"
nber2017-07,NBER SI IO,2017,Advertising Spending and Media Bias: Evidence from News Coverage of Car Safety Recalls,Graham Beattie; Ruben Durante; Brian Knight; Ananya Sen,Graham Beattie; Ruben Durante; Brian Knight; Ananya Sen,published,Management Science,2021,4,,https://pubsonline.informs.org/doi/10.1287/mnsc.2019.3567,"Management Science 67(2): 698-719, 2021"
nber2017-08,NBER SI IO,2017,The Ice Cream Split: Empirically Distinguishing Price and Product Space Collusion,Christopher Sullivan,Christopher Sullivan,working_paper,,,,,https://papers.ssrn.com/sol3/papers.cfm?abstract_id=3321948,Revise-and-resubmit at RAND Journal of Economics per author website; companion piece 'Split Apart' in AEA P&P 2020
nber2017-09,NBER SI IO,2017,Does Advertising Serve as a Signal? Evidence from Field Experiments in Mobile Search,Navdeep Sahni; Harikesh Nair,Navdeep S. Sahni; Harikesh S. Nair,published,Review of Economic Studies,2020,3,Does Advertising Serve as a Signal? Evidence from a Field Experiment in Mobile Search,https://academic.oup.com/restud/article-abstract/87/3/1529/5583745,"REStud 87(3): 1529-1564, 2020; 'Field Experiments' became 'a Field Experiment'"
nber2018-01,NBER SI IO,2018,Instrument-Free Demand Estimation,Alexander MacKay; Nathan Miller,Alexander MacKay; Nathan H. Miller,published,AEJ: Microeconomics,2025,7,Estimating Models of Supply and Demand: Instruments and Covariance Restrictions,https://www.aeaweb.org/articles?id=10.1257/mic.20230024,"AEJ: Micro 17(1): 238-281, Feb 2025; substantially retitled"
nber2018-02,NBER SI IO,2018,Empirical Properties of Diversion Ratios,Christopher Conlon; Julie Holland Mortimer,Christopher T. Conlon; Julie Holland Mortimer,published,RAND Journal of Economics,2021,3,,https://onlinelibrary.wiley.com/doi/abs/10.1111/1756-2171.12388,"RAND 52(4): 693-726, Winter 2021"
nber2018-03,NBER SI IO,2018,Understanding Disparities in Punishment: Regulator Preferences and Expertise,Karam Kang; Bernardo Silveira,Karam Kang; Bernardo S. Silveira,published,Journal of Political Economy,2021,3,,https://www.journals.uchicago.edu/doi/abs/10.1086/715415,"JPE 129(10): 2947-2992, 2021"
nber2018-04,NBER SI IO,2018,Escalation of Scrutiny: The Gains from Dynamic Enforcement of Environmental Regulations,Wesley Blundell; Gautam Gowrisankaran; Ashley Langer,Wesley Blundell; Gautam Gowrisankaran; Ashley Langer,published,American Economic Review,2020,2,,https://www.aeaweb.org/articles?id=10.1257/aer.20181012,"AER 110(8): 2558-2585, Aug 2020"
nber2018-05,NBER SI IO,2018,The Marginal Congestion of a Taxi in New York City,Alejandro Molnar; Daniel Mangrum,Daniel Mangrum; Alejandro Molnar,working_paper,,,,,https://www.danielmangrum.com/docs/Boro_current.pdf,Second-round R&R at American Economic Review per author websites; no journal publication found as of Jul 2026
nber2018-06,NBER SI IO,2018,Do Digital Platforms Reduce Moral Hazard? The Case of Taxis and Uber,Meng Liu; Erik Brynjolfsson; Jason Dowlatabadi,Meng Liu; Erik Brynjolfsson; Jason Dowlatabadi,published,Management Science,2021,3,Do Digital Platforms Reduce Moral Hazard? The Case of Uber and Taxis,https://pubsonline.informs.org/doi/10.1287/mnsc.2020.3721,"Vol. 67(8), pp. 4665-4685"
nber2018-07,NBER SI IO,2018,Welfare Effects of Physician-Industry Interactions: Evidence From Patent Expiration,Aaron Chatterji; Matthew Grennan; Kyle Myers; Ashley Swanson,Matthew Grennan; Kyle R. Myers; Ashley Swanson; Aaron Chatterji,published,Review of Economic Studies,2025,7,No Free Lunch? Welfare Analysis of Firms Selling Through Expert Intermediaries,https://academic.oup.com/restud/article-abstract/92/4/2537/7754908,"Vol. 92(4), pp. 2537-2577; earlier circulated as 'Physician-Industry Interactions: Persuasion and Welfare'"
nber2018-08,NBER SI IO,2018,On the Effect of Parallel Trade on Manufacturers' and Retailers' Profits in the Pharmaceutical Sector,Pierre Dubois; Morten Saethre,Pierre Dubois; Morten Saethre,published,Econometrica,2020,2,,https://onlinelibrary.wiley.com/doi/abs/10.3982/ECTA16039,"Vol. 88(6), pp. 2503-2545"
nber2018-09,NBER SI IO,2018,Killer Acquisitions,Colleen Cunningham; Florian Ederer; Song Ma,Colleen Cunningham; Florian Ederer; Song Ma,published,Journal of Political Economy,2021,3,,https://www.journals.uchicago.edu/doi/abs/10.1086/712506,"Vol. 129(3), pp. 649-702"
nber2018-10,NBER SI IO,2018,"Oligopolies, Prices, Output, and Productivity",Sharat Ganapati,Sharat Ganapati,published,AEJ: Microeconomics,2021,3,"Growing Oligopolies, Prices, Output, and Productivity",https://www.aeaweb.org/articles?id=10.1257/mic.20190029,"Vol. 13(3), pp. 309-327"
nber2018-11,NBER SI IO,2018,Public Communication and Collusion in the Airline Industry,Gaurab Aryal; Federico Ciliberto; Ben Leyden,Gaurab Aryal; Federico Ciliberto; Benjamin T. Leyden,published,Review of Economic Studies,2022,4,Coordinated Capacity Reductions and Public Communication in the Airline Industry,https://academic.oup.com/restud/article-abstract/89/6/3055/6486432,"Vol. 89(6), pp. 3055-3084"
nber2018-12,NBER SI IO,2018,Multimarket Contact in Health Insurance,Haizhen Lin; Ian McCarthy,Haizhen Lin; Ian McCarthy,published,Journal of Industrial Economics,2023,5,Multimarket Contact in Health Insurance: Evidence from Medicare Advantage,https://onlinelibrary.wiley.com/doi/abs/10.1111/joie.12318,"Vol. 71(1), pp. 212-255"
nber2018-13,NBER SI IO,2018,Labor Market Concentration,Jose Azar; Ioana Marinescu; Marshall Steinbaum,Jose Azar; Ioana Marinescu; Marshall Steinbaum,published,Journal of Human Resources,2022,4,,https://jhr.uwpress.org/content/57/S/S167,"Vol. 57(Supplement), pp. S167-S199"
nber2018-14,NBER SI IO,2018,"Crude by Rail, Option Value, and Pipeline Investment",Thomas Covert; Ryan Kellogg,Thomas R. Covert; Ryan Kellogg,forthcoming,Journal of Political Economy,,,Environmental Consequences of Hydrocarbon Infrastructure Policy,https://doi.org/10.1086/742713,"Published online ahead of print Jun 2026 (Crossref); no volume/issue assigned yet; retitled from 'Crude by Rail, Option Value, and Pipeline Investment'"
nber2018-15,NBER SI IO,2018,"Upstream, Downstream: Diffusion and Impacts of the Universal Product Code",Emek Basker; Timothy Simcoe,Emek Basker; Timothy Simcoe,published,Journal of Political Economy,2021,3,,https://www.journals.uchicago.edu/doi/abs/10.1086/712762,Vol. 129(4)
nber2019-01,NBER SI IO,2019,Buying Data from Consumers: The Impact of Monitoring Programs in U.S. Auto Insurance,Yizhou Jin; Shoshana Vasserman,Yizhou Jin; Shoshana Vasserman,forthcoming,Journal of Political Economy,,,Buying Data from Consumers: The Impact of Monitoring in U.S. Auto Insurance,https://shoshanavasserman.com/papers/buying_data_from_consumers.pdf,Conditionally accepted at JPE per author website; not yet in an issue (no journal-article record on RePEc/Crossref as of Jul 2026)
nber2019-02,NBER SI IO,2019,Digital Dystopia,Jean Tirole,Jean Tirole,published,American Economic Review,2021,2,,https://www.aeaweb.org/articles?id=10.1257/aer.20201214,"Vol. 111(6), pp. 2007-2048"
nber2019-03,NBER SI IO,2019,The Efficiency of A Dynamic Decentralized Two-sided Matching Market,Tracy Xiao Liu; Zhixi Wan; Chenyu Yang,Tracy Xiao Liu; Zhixi Wan; Chenyu Yang,working_paper,,,,Decentralized Dynamic Matching: A Carpooling Platform,https://econ-chenyu-yang.github.io/search_match_main.pdf,"Retitled working paper (Jul 2024 version, also circulated as 'Dynamic Matching on a Commuter Carpooling Platform'); listed under working papers on Chenyu Yang's site"
nber2019-04,NBER SI IO,2019,Oligopolistic Price Leadership and Mergers: The United States Beer Industry,Nathan Miller; Gloria Sheu; Matthew Weinberg,Nathan H. Miller; Gloria Sheu; Matthew C. Weinberg,published,American Economic Review,2021,2,,https://www.aeaweb.org/articles?id=10.1257/aer.20190913,"Vol. 111(10), pp. 3123-3159"
nber2019-05,NBER SI IO,2019,Vertical Integration between Hospitals and Insurers,Jose Ignacio Cuesta; Carlos Noton; Benjamin Vatter,Jose Ignacio Cuesta; Carlos Noton; Benjamin Vatter,working_paper,,,,,https://www.nber.org/papers/w32833,"Retitled 'Vertical Integration and Plan Design in Healthcare Markets' (NBER WP 32833, Aug 2024); reportedly under revision at Journal of Political Economy, not yet accepted"
nber2019-06,NBER SI IO,2019,An Instrumental Variable Approach to Dynamic Models,Steven Berry; Giovanni Compiani,Steven T. Berry; Giovanni Compiani,published,Review of Economic Studies,2023,4,,https://academic.oup.com/restud/article-abstract/90/4/1724/6694055,"REStud 90(4), July 2023, pp. 1724-1758"
nber2019-07,NBER SI IO,2019,The Patent Troll: Benign Middleman or Stick-Up Artist?,David Abrams; Ufuk Akcigit; Gokhan Oz; Jeremy Pearce,David S. Abrams; Ufuk Akcigit; Gokhan Oz; Jeremy G. Pearce,working_paper,,,,,https://www.nber.org/papers/w25713,NBER WP 25713 (2019) / CEPR DP 13620; still listed as working paper on Jeremy Pearce's site (2026)
nber2019-08,NBER SI IO,2019,Will the Market Fix the Market? A Theory of Stock Exchange Competition and Innovation,Eric Budish; Robin S. Lee; John Shim,Eric Budish; Robin S. Lee; John J. Shim,published,Journal of Political Economy,2024,5,A Theory of Stock Exchange Competition and Innovation: Will the Market Fix the Market?,https://www.journals.uchicago.edu/doi/10.1086/727284,"JPE 132(4), 2024, pp. 1209-1246; title clauses reordered from conference version"
nber2019-09,NBER SI IO,2019,Approximating the Equilibrium Effects of Informed School Choice,Claudia Allende; Francisco Gallego; Christopher Neilson,Claudia Allende; Francisco Gallego; Christopher Neilson,working_paper,,,,,https://www.christopher-neilson.com/work/equilibrium-informed-school-choice.html,Author site lists 2nd-round R&R at Review of Economic Studies; no accepted/published version found as of Jul 2026
nber2019-10,NBER SI IO,2019,Testing the Theory of Common Stock Ownership,Lysle Boller; Fiona Scott Morton,Lysle Boller; Fiona M. Scott Morton,working_paper,,,,,https://www.nber.org/papers/w27515,NBER WP 27515 (2020); no journal version found
nber2020-01,NBER SI IO,2020,Estimating Labor Market Power,Jose Azar; Steven Berry; Ioana Marinescu,Jose A. Azar; Steven T. Berry; Ioana Marinescu,working_paper,,,,,https://www.nber.org/papers/w30365,NBER WP 30365 (2022); no journal version found
nber2020-02,NBER SI IO,2020,On Information and the Demand for Insurance,Amit Gandhi; Anya Samek; Ricardo Serrano-Padial,Amit Gandhi; Anya Samek; Ricardo Serrano-Padial,working_paper,,,,,https://ideas.repec.org/p/ris/drxlwp/2021_003.html,"Retitled 'Uncertainty and the Demand for Insurance' (Drexel WP 2021-3), later 'Uncertainty and Welfare in Insurance Markets' (2023 WP); no journal publication found. A related survey paper appeared in JEBO 2025"
nber2020-03,NBER SI IO,2020,Does Market Exclusivity Improve Access to Drugs? The Case of US Anti-Ulcer Drug Market,Debi Prasad Mohapatra; Yang Zhang,Debi Prasad Mohapatra; Yang Zhang,published,RAND Journal of Economics,2025,5,"Rx-to-OTC Switch, Market Exclusivity, and Consumer Welfare: A Study of the US Anti-Ulcer Drug Markets",https://onlinelibrary.wiley.com/doi/10.1111/1756-2171.70034,"RAND JE 56(4), 2025, pp. 587-606"
nber2020-04,NBER SI IO,2020,The Impact of Alternative Forms of Bank Consolidation on Credit Supply and Financial Stability,Sergio Mayordomo; Nicola Pavanini; Emanuele Tarantino,Sergio Mayordomo; Nicola Pavanini; Emanuele Tarantino,published,Review of Financial Studies,2026,6,The Impact of Bank Consolidation on Credit Supply and Performance,https://academic.oup.com/rfs/article/39/4/1077/8438649,"RFS 39(4), April 2026, pp. 1077-1115"
nber2020-05,NBER SI IO,2020,"Resolving Failed Banks: Uncertainty, Multiple Bidding & Auction Design",Jason Allen; Robert Clark; Brent Hickman; Eric Richert,Jason Allen; Robert Clark; Brent Hickman; Eric Richert,published,Review of Economic Studies,2024,4,,https://academic.oup.com/restud/article-abstract/91/3/1201/7191933,"REStud 91(3), May 2024, pp. 1201-1242"
nber2020-06,NBER SI IO,2020,Fiduciary Duty and the Market for Financial Advice,Vivek Bhattacharya; Gaston Illanes; Manisha Padi,Vivek Bhattacharya; Gaston Illanes; Manisha Padi,published,Econometrica,2025,5,,https://onlinelibrary.wiley.com/doi/10.3982/ECTA18492,"Econometrica 93(4), July 2025"
nber2020-07,NBER SI IO,2020,Cleaner but Volatile Energy? The Effect of Coal Plant Retirement on Market Competition in the Wholesale Electricity Market,Harim Kim,Harim Kim,forthcoming,RAND Journal of Economics,,,,https://sites.google.com/a/umich.edu/harimkim/,"Author site lists 'RAND Journal of Economics, 2026, forthcoming'; not yet found in an issue"
nber2020-08,NBER SI IO,2020,How Do National Firms Respond to Local Shocks? Evidence from Excise Taxes,Andrew Butters; Daniel Sacks; Boyoung Seo,R. Andrew Butters; Daniel W. Sacks; Boyoung Seo,published,American Economic Review,2022,2,How Do National Firms Respond to Local Cost Shocks?,https://www.aeaweb.org/articles?id=10.1257/aer.20201524,"AER 112(5), 2022, pp. 1737-1772"
nber2020-09,NBER SI IO,2020,Market Power and Incentive-Based Capacity Payment Mechanisms,Shaun McRae; Frank Wolak,Shaun D. McRae; Frank A. Wolak,working_paper,,,,,https://www.nber.org/papers/w32616,"Evolved into 'Reliability Options in Renewables-Dominated Electricity Markets' (NBER WP 32616, 2024); no journal publication found"
nber2020-10,NBER SI IO,2020,Some Unpleasant Markup Arithmetic: Production Function Elasticities and their Estimation from Production Data,Steve Bond; Arshia Hashemi; Greg Kaplan; Piotr Zoch,Steve Bond; Arshia Hashemi; Greg Kaplan; Piotr Zoch,published,Journal of Monetary Economics,2021,1,,https://www.sciencedirect.com/science/article/abs/pii/S0304393221000544,"Vol. 121, pp. 1-14 (July 2021)"
nber2021-01,NBER SI IO,2021,"Market Structure, Investment and Technical Efficiencies in Mobile Telecommunications",Jonathan Elliott; Georges Vivien Houngbonon; Marc Ivaldi; Paul Scott,Jonathan T. Elliott; Georges Vivien Houngbonon; Marc Ivaldi; Paul T. Scott,published,Journal of Political Economy,2025,4,,https://www.journals.uchicago.edu/doi/10.1086/734132,"Vol. 133, no. 5 (May 2025)"
nber2021-02,NBER SI IO,2021,Direct-to-Consumer Sales by Manufacturers and Bargaining,Javier Donna; Pedro Pereira; Andre Trindade; Renan Yoshida,Javier D. Donna; Pedro Pereira; Yun Pu; Andre Trindade; Renan C. Yoshida,published,RAND Journal of Economics,2024,3,Direct Sales and Bargaining,https://onlinelibrary.wiley.com/doi/10.1111/1756-2171.12480,"Vol. 55(4), pp. 749-787 (Winter 2024); title changed and coauthor Yun Pu added"
nber2021-03,NBER SI IO,2021,Colluding Against Environmental Regulation,Jorge Ale Chilet; Cuicui Chen; Jing Li; Mathias Reynaert,Jorge Ale-Chilet; Cuicui Chen; Jing Li; Mathias Reynaert,published,Review of Economic Studies,2026,5,,https://www.restud.com/colluding-against-environmental-regulation/,"Vol. 93(1), pp. 35-71 (January 2026)"
nber2021-04,NBER SI IO,2021,"Common Ownership, Competition, and Top Management Incentives",Miguel Anton; Florian Ederer; Mireia Gine; Martin Schmalz,Miguel Anton; Florian Ederer; Mireia Gine; Martin Schmalz,published,Journal of Political Economy,2023,2,,https://www.journals.uchicago.edu/doi/10.1086/722414,"Vol. 131(5), pp. 1294-1355"
nber2021-05,NBER SI IO,2021,Organizational Structure and Pricing: Evidence from a Large U.S. Airline,Ali Hortacsu; Olivia Natan; Hayden Parsley; Timothy Schwieg; Kevin Williams,Ali Hortacsu; Olivia R. Natan; Hayden Parsley; Timothy Schwieg; Kevin R. Williams,published,Quarterly Journal of Economics,2024,3,,https://academic.oup.com/qje/article-abstract/139/2/1149/7284417,"Vol. 139(2), pp. 1149-1199 (May 2024)"
nber2021-06,NBER SI IO,2021,Platform as a Rule Maker: Evidence from Airbnb's Cancellation Policies,Jian Jia; Ginger Zhe Jin; Liad Wagman,Jian Jia; Ginger Zhe Jin; Liad Wagman,working_paper,,,,,https://www.nber.org/papers/w28878,NBER WP 28878; still listed as a working paper on Wagman's CV and Jin's CV as of 2025
nber2021-07,NBER SI IO,2021,Information Design in Common Value Auction with Moral Hazard: Application to OCS Leases,Anh Nguyen,Anh Nguyen,forthcoming,Econometrica,,,Information Design in Common Value Auction with Moral Hazard: Application to OCS Leasing Auctions,https://www.andrew.cmu.edu/user/anhnguye/OCS_Info_Design.pdf,Listed as accepted at Econometrica on author's CMU website (checked July 2026); not yet in an issue
nber2021-08,NBER SI IO,2021,The Value of Information in Competitive Markets: The Impact of Big Data on Small and Medium Enterprises,Jose Galdon-Sanchez; Ricard Gil; Guillermo Uriz-Uharte,Jose E. Galdon-Sanchez; Ricard Gil; Guillermo Uriz-Uharte,published,Journal of Political Economy,2025,4,The Value of Information in Competitive Markets: Evidence from Small and Medium-Sized Enterprises,https://www.journals.uchicago.edu/doi/10.1086/732525,"Vol. 133(1), pp. 252-305 (January 2025); subtitle changed from 'The Impact of Big Data on...'"
nber2021-09,NBER SI IO,2021,Centralizing Over-The-Counter Markets?,Milena Wittwer; Jason Allen,Jason Allen; Milena Wittwer,published,Journal of Political Economy,2023,2,,https://www.journals.uchicago.edu/doi/abs/10.1086/725361,"Vol. 131(12), pp. 3310-3351 (December 2023)"
nber2021-10,NBER SI IO,2021,A Method to Estimate Discrete Choice Models that is Robust to Consumer Search,Jason Abaluck; Giovanni Compiani,Jason Abaluck; Giovanni Compiani; Fan Zhang,forthcoming,Journal of Political Economy,,,A Method to Estimate Discrete Choice Models That Is Robust to Consumer Search,https://doi.org/10.1086/740223,"Accepted October 2025, 'just accepted' (Vol 0, No ja) as of July 2026; coauthor Fan Zhang added"
nber2021-11,NBER SI IO,2021,Individualized College Pricing and the Tradeoff between Revenue and Student Characteristics,Joel Waldfogel,Joel Waldfogel,working_paper,,,,,,Unpublished manuscript (March 2021) still listed under working papers on Waldfogel's Aug 2025 CV; no NBER/SSRN version found
nber2021-12,NBER SI IO,2021,Winning Big: Scale and Success in Retail Entrepreneurship,Brett Hollenbeck; Renato Giroldo,Renato Giroldo; Brett Hollenbeck,published,Marketing Science,2022,1,,https://pubsonline.informs.org/doi/10.1287/mksc.2021.1316,"Vol. 41(2), pp. 271-293 (March-April 2022)"
nber2022-01,NBER SI IO,2022,Choice Frictions in Large Assortments,Olivia Natan,Olivia R. Natan,published,Marketing Science,2025,3,,https://pubsonline.informs.org/doi/10.1287/mksc.2023.0415,"Vol. 44(3), pp. 593-625 (2025)"
nber2022-02,NBER SI IO,2022,The Welfare Consequences of Regulating Amazon,German Gutierrez,German Gutierrez,working_paper,,,,,https://papers.ssrn.com/sol3/papers.cfm?abstract_id=3965566,SSRN working paper (latest draft July 2022); no journal publication found as of July 2026
nber2022-03,NBER SI IO,2022,Land Market Frictions in Developing Countries: Evidence from Manufacturing Firms in India,Aradhya Sood,Aradhya Sood,working_paper,,,,,https://papers.ssrn.com/sol3/papers.cfm?abstract_id=3468519,"Listed with no journal status on Sood's Jan 2026 CV (research paper, unpublished)"
nber2022-04,NBER SI IO,2022,Holding Up Green Energy,Nicholas Ryan,Nicholas Ryan,published,Econometrica,2026,4,Holding up Green Energy: Counterparty Risk in the Indian Solar Power Market,https://onlinelibrary.wiley.com/doi/10.3982/ECTA21084,"Econometrica, May 2026 issue"
nber2022-05,NBER SI IO,2022,Trading for Economies of Scale: The Cost Efficiency of Cap-and-Trade in Common-Pool Resources,Phuong Ho,Phuong Ho,working_paper,,,,Why Is Trading So Important in Cap and Trade? The Roles of Economies of Scale and Productivity,https://phuongmho.github.io/research.html,Retitled; listed as unpublished working paper on author's research page (presented at NBER SI IO 2022)
nber2022-06,NBER SI IO,2022,Pricing Power in Advertising Markets: Theory and Evidence,Matthew Gentzkow; Jesse Shapiro; Frank Yang; Ali Yurukoglu,Matthew Gentzkow; Jesse M. Shapiro; Frank Yang; Ali Yurukoglu,published,American Economic Review,2024,2,,https://www.aeaweb.org/articles?id=10.1257/aer.20220943,"AER 114(2), February 2024, pp. 500-533"
nber2022-07,NBER SI IO,2022,Oligopsony Power and Factor-Biased Technology Adoption,Michael Rubens,Michael Rubens,working_paper,,,,"Labor-Market Power, Deadweight Loss, and Technology Adoption",https://www.nber.org/papers/w30586,Retitled; R&R at Review of Economic Studies per author's website (Aug 2025)
nber2022-08,NBER SI IO,2022,Estimating Very Large Demand Systems,Joshua Lanier; Jeremy Large; John Quah,Joshua Lanier; Jeremy Large; John Quah,working_paper,,,,,https://www.inet.ox.ac.uk/publications/no-2023-01-estimating-very-large-demand-systems,Oxford Dept of Economics / INET Oxford working paper; no journal version found
nber2022-09,NBER SI IO,2022,An Empirical Model of Quantity Discounts with Large Choice Sets,Alessandro Iaria; Ao Wang,Alessandro Iaria; Ao Wang,forthcoming,Journal of the European Economic Association,,,,https://doi.org/10.1093/jeea/jvag033,"Accepted at JEEA; advance-access article published online May 2026, not yet in an issue"
nber2022-10,NBER SI IO,2022,Embeddings and Distance-based Demand for Differentiated Products,Lorenzo Magnolfi; Jonathon McClure; Alan Sorensen,Lorenzo Magnolfi; Jonathon McClure; Alan T. Sorensen,published,AEJ: Microeconomics,2025,3,Triplet Embeddings for Demand Estimation,https://www.aeaweb.org/articles?id=10.1257/mic.20220248,"AEJ: Micro 17(1), February 2025, pp. 282-307"
nber2022-11,NBER SI IO,2022,Wide or Narrow? Competition and Scope in Financial Intermediation,Matteo Benetton; Greg Buchak; Claudia Robles-Garcia,Matteo Benetton; Greg Buchak; Claudia Robles-Garcia,working_paper,,,,,https://cepr.org/publications/dp17497,"CEPR DP 17497; listed under works in progress on Buchak's site, no journal version found"
nber2022-12,NBER SI IO,2022,"How Competitive is the Stock Market? Theory, Evidence from Portfolios, and Implications for the Rise of Passive Investing",Valentin Haddad; Paul Huebner; Erik Loualiche,Valentin Haddad; Paul Huebner; Erik Loualiche,published,American Economic Review,2025,3,"How Competitive Is the Stock Market? Theory, Evidence from Portfolios, and Implications for the Rise of Passive Investing",https://www.aeaweb.org/articles?id=10.1257/aer.20230505,"AER 115(3), March 2025, pp. 975-1018"
nber2022-13,NBER SI IO,2022,Quantifying Bargaining Power Under Incomplete Information: A Supply-Side Analysis of the Used-Car Industry,Bradley Larsen; Anthony Lee Zhang,Bradley Larsen; Anthony Lee Zhang,forthcoming,Review of Economic Studies,,,,https://www.bradjlarsen.com/research,Listed as accepted at Review of Economic Studies on Larsen's research page; no issue/DOI yet as of Jul 2026
nber2023-01,NBER SI IO,2023,"Technology and Market Power: The United States Cement Industry, 1974-2019",Nathan Miller; Matthew Osborne; Gloria Sheu; Gretchen Sileo,Nathan H. Miller; Matthew Osborne; Gloria Sheu; Gretchen Sileo,working_paper,,,,,https://papers.ssrn.com/sol3/papers.cfm?abstract_id=4041168,Resubmitted to AER as of June 2025 per author pages; not yet accepted
nber2023-02,NBER SI IO,2023,An Empirical Analysis of the US Generator Interconnection Policy,Sarah Johnston; Yifei Liu; Chenyu Yang,Sarah Johnston; Yifei Liu; Chenyu Yang,working_paper,,,,An Empirical Analysis of the Interconnection Queue,https://www.nber.org/papers/w31946,Retitled; NBER WP 31946; Reject & Resubmit at Econometrica as of June 2026 per Chenyu Yang's website
nber2023-03,NBER SI IO,2023,Adverse Selection and (un)Natural Monopoly in Insurance Markets,Edward Kong; Timothy Layton; Mark Shepard,Edward Kong; Timothy Layton; Mark Shepard,working_paper,,,,,https://www.nber.org/papers/w33187,NBER WP 33187 (Nov 2024); no journal version found
nber2023-04,NBER SI IO,2023,Auto Dealer Loan Intermediation: Consumer Behavior and Competitive Effects,Andreas Grunewald; Jonathan Lanning; David Low; Tobias Salz,Andreas Grunewald; Jonathan A. Lanning; David C. Low; Tobias Salz,working_paper,,,,,https://www.nber.org/papers/w28136,R&R at American Economic Review per Salz's MIT research page; no published version found as of Jul 2026
nber2023-05,NBER SI IO,2023,Non-parametric Estimation of Habitual Brand Loyalty,Jean-Pierre Dube; Xinyao Kong; Oeystein Daljord,Xinyao Kong; Jean-Pierre Dube; Oystein Daljord,working_paper,,,,Nonparametric Estimation of Demand with Switching Costs: The Case of Habitual Brand Loyalty,https://www.nber.org/papers/w32994,NBER WP 32994 (2024); listed under working papers on Dube's research page as of 2026
nber2023-06,NBER SI IO,2023,Teacher Labor Market Policy and the Theory of the Second Best,Michael Bates; Michael Dinerstein; Andrew Johnston; Isaac Sorkin,Michael Bates; Michael Dinerstein; Andrew C. Johnston; Isaac Sorkin,published,Quarterly Journal of Economics,2025,2,,https://academic.oup.com/qje/article-abstract/140/2/1417/7914177,"QJE 140(2), pp. 1417-1469"
nber2023-07,NBER SI IO,2023,Advertising as Coordination: Evidence from a Field Experiment,Apostolos Filippas; John Horton; Diego Urraca,Apostolos Filippas; John J. Horton; Prasanna Parasurama; Diego Urraca,working_paper,,,,Costly Capacity Signaling Increases Matching Efficiency: Evidence from a Field Experiment,https://dl.acm.org/doi/10.1145/3670865.3673511,Retitled; appeared in ACM EC 2024 proceedings (not a journal); R&R at Management Science per Filippas website
nber2023-08,NBER SI IO,2023,Pricing and Efficiency in a Decentralized Ride-Hailing Platform,Renata Gaineddenova,Renata Gaineddenova,working_paper,,,,,https://users.ssc.wisc.edu/~gaineddenova/Gaineddenova_JMP.pdf,Still listed as job market paper / working paper on author's research page
nber2023-09,NBER SI IO,2023,"Data, Privacy Laws and Firm Production: Evidence from GDPR",Mert Demirer; Diego Jimenez Hernandez; Dean Li; Sida Peng,Mert Demirer; Diego Jimenez Hernandez; Dean Li; Sida Peng,forthcoming,Journal of Political Economy,,,"Data, Privacy Laws and Firm Production: Evidence from the GDPR",https://www.nber.org/papers/w32146,Conditionally accepted at JPE per Demirer's website; not yet in an issue
nber2023-10,NBER SI IO,2023,Dynamic Spatial Competition in Early Education: an Equilibrium Analysis of the Preschool Market in Pennsylvania,Pierre Bodere,Pierre Bodere,working_paper,,,,,https://pierrebodere.github.io/content/bodere_jmp.pdf,Still a draft/JMP per author's research page and CV (Sept 2025)
nber2023-11,NBER SI IO,2023,Price Controls in a Multi-Sided Market,Michael Sullivan,Michael Sullivan,forthcoming,Journal of Political Economy,,,Fee Optimality in a Two-Sided Market,https://m-r-sullivan.github.io/assets/papers/optimal_fees.pdf,Retitled; 'Accepted at the Journal of Political Economy' per author's CV (May 2026); not yet in an issue
nber2023-12,NBER SI IO,2023,Non-Price Competition and Risk Selection Through Hospital Networks,Natalia Serna,Natalia Serna,working_paper,,,,Determinants of Provider Networks: Risk Selection vs. Administrative Costs,https://nsernab.github.io/selection_networks.pdf,Retitled; R&R at AEJ: Microeconomics per Serna's CV (Jan 2026)
nber2023-13,NBER SI IO,2023,Long-Term Relationships and the Spot Market: Evidence from US Trucking,Adam Harris; Thi Mai Anh Nguyen,Adam Harris; Thi Mai Anh Nguyen,working_paper,,,,,https://nguyentmanh.github.io/files/HarrisNguyen_Truck_LTR-spot.pdf,R&R at American Economic Review per Nguyen's website; companion paper 'Long-Term Relationships in the US Truckload Freight Industry' published AEJ: Micro 2025 is a distinct paper
nber2023-14,NBER SI IO,2023,Liquid Markets: An Empirical Analysis of a Water Exchange,Yunmi Kong,Yunmi Kong,working_paper,,,,,https://yunmikong.github.io/liquidmarkets.pdf,Listed under working papers on Kong's CV (Sept 2025)
nber2024-01,NBER SI IO,2024,How Well Does Bargaining Work in Consumer Markets? A Robust Bounds Approach,Joachim Freyberger; Bradley Larsen,Joachim Freyberger; Bradley Larsen,published,Econometrica,2025,1,,https://onlinelibrary.wiley.com/doi/10.3982/ECTA20125,"Econometrica 93(1), pp. 161-194"
nber2024-02,NBER SI IO,2024,Search and Biased Beliefs in Education Markets,Patrick Agte; Claudia Allende; Adam Kapor; Christopher Neilson; Fernando Ochoa,Patrick Agte; Claudia Allende; Adam Kapor; Christopher Neilson; Fernando Ochoa,working_paper,,,,,https://www.nber.org/papers/w32670,NBER WP 32670; under review at Econometrica per Neilson's website
nber2024-03,NBER SI IO,2024,Retailer Competition and Assortment Differentiation: Evidence from Entry Lotteries,Brett Hollenbeck; Sylvia Hristakeva; Kosuke Uetake,Brett Hollenbeck; Sylvia Hristakeva; Kosuke Uetake,working_paper,,,,Retailer Price Competition and Assortment Differentiation: Evidence from Entry Lotteries,https://papers.ssrn.com/sol3/papers.cfm?abstract_id=4857371,R&R at Marketing Science per Hollenbeck's research page
nber2024-04,NBER SI IO,2024,The Welfare Effects of Sponsored Product Advertising,Chuan Yu,Chuan Yu,working_paper,,,,,https://papers.ssrn.com/sol3/papers.cfm?abstract_id=4817542,R&R at American Economic Review per author's research page
nber2024-05,NBER SI IO,2024,Digital Media Mergers: Theory and Application to Facebook-Instagram,Justin Katz; Hunt Allcott,Justin Katz; Hunt Allcott,working_paper,,,,,https://www.nber.org/papers/w34028,"NBER WP 34028 (2025), updated May 2026; no journal acceptance found"
nber2024-06,NBER SI IO,2024,Additionality and Asymmetric Information in Environmental Markets: Evidence from Conservation Auctions,Anna Russo; Karl Aspelund,Karl Aspelund; Anna Russo,forthcoming,American Economic Review,,,,https://annarusso.github.io/,Listed as 'Conditionally Accepted (Data)' at AER on author website (checked July 2026)
nber2024-07,NBER SI IO,2024,Competing Platforms and Transport Equilibrium,Nicola Rosaia,Nicola Rosaia,published,Econometrica,2025,1,,https://onlinelibrary.wiley.com/doi/abs/10.3982/ECTA21773,"Econometrica 93(6), November 2025, pp. 2235-2271"
nber2024-08,NBER SI IO,2024,Algorithmic Pricing in Multifamily Rentals: Efficiency Gains or Price Coordination?,Sophie Calder-Wang; Gi Heung Kim,Sophie Calder-Wang; Gi Heung Kim,working_paper,,,,,https://papers.ssrn.com/sol3/papers.cfm?abstract_id=4403058,Revise & resubmit at Journal of Political Economy per Kim's CV; SSRN WP 4403058
nber2024-09,NBER SI IO,2024,Decision-Making with Machine Prediction: Evidence from Predictive Maintenance in Trucking,Adam Harris; Maggie Yellen,Adam Harris; Maggie Yellen,working_paper,,,,,https://adamharris.phd/,Still a working paper per author website (July 2026); now titled 'Human Decision-Making with Machine Prediction...'
nber2024-10,NBER SI IO,2024,When Product Markets Become Collective Traps: The Case of Social Media,Leonardo Bursztyn; Benjamin Handel; Rafael Jimenez-Duran; Christopher Roth,Leonardo Bursztyn; Benjamin Handel; Rafael Jimenez-Duran; Christopher Roth,published,American Economic Review,2025,1,,https://www.aeaweb.org/articles?id=10.1257/aer.20231468,"AER 115(12), December 2025, pp. 4105-4136"
nber2024-11,NBER SI IO,2024,Trust at Scale: The Economic Limits of Cryptocurrencies and Blockchains,Eric Budish,Eric Budish,published,Quarterly Journal of Economics,2025,1,,https://academic.oup.com/qje/article/140/1/1/7824430,"QJE 140(1), February 2025, pp. 1-62 (lead article)"
nber2025-01,NBER SI IO,2025,On Anticompetitive Third-Degree Price Discrimination,Eugenio Miravete,Eugenio J. Miravete,working_paper,,,,,https://cepr.org/publications/dp19742,CEPR DP 19742; listed under working papers on author website (July 2026)
nber2025-02,NBER SI IO,2025,Welfare Effects of Resale Price Maintenance: Evidence from the Chinese Pharmaceutical Industry,Tianli Xia,Tianli Xia,working_paper,,,,,https://papers.ssrn.com/sol3/papers.cfm?abstract_id=5118723,Revise & resubmit at Journal of Political Economy per author research page
nber2025-03,NBER SI IO,2025,Competing under Information Heterogeneity: Evidence from Auto Insurance,Marco Cosconati; Yi Xin; Fan Wu; Yizhou Jin,Marco Cosconati; Yi Xin; Fan Wu; Yizhou Jin,forthcoming,Review of Economic Studies,,,,https://www.yizhoujin.com/,"Accepted at REStud 2025 per author websites; advance article, not yet in an issue. EC'25 extended abstract also published"
nber2025-04,NBER SI IO,2025,Choice By Design: Evidence From Feeding America's Food Allocation Problem,Samuel Altmann,Samuel Altmann,working_paper,,,,,https://www.samaltmann.com/research,Revise & resubmit at Econometrica per author website
nber2025-05,NBER SI IO,2025,"Mergers, Foreign Competition, and Jobs: Evidence from the U.S. Appliance Industry",Felix Montag,Felix Montag,published,American Economic Review,2026,1,"Mergers, Foreign Competition, and Jobs: Evidence from the US Appliance Industry",https://www.aeaweb.org/articles?id=10.1257/aer.20230017,"AER 116(6), June 2026, pp. 2085-2119"
nber2025-06,NBER SI IO,2025,Efficient Grid Search to Solve Static Games with Private Information,Jakub Kastl; Eric Richert; Jesper Rudiger,Jakub Kastl; Eric Richert; Jesper Rudiger,working_paper,,,,,https://papers.ssrn.com/sol3/papers.cfm?abstract_id=5187301,SSRN working paper (March 2025); no journal status found
nber2025-07,NBER SI IO,2025,Distributional Effects of Exclusive Dealing in Retail Real Estate,Camilla Schneier,Camilla Schneier,working_paper,,,,,https://papers.ssrn.com/sol3/papers.cfm?abstract_id=6703819,"SSRN working paper (2026); job market paper, no journal status found"
nber2025-08,NBER SI IO,2025,"Algorithmic Pricing, Price Wars and Tacit Collusion: Evidence from E-Commerce",Leon Musolff,Leon Musolff,forthcoming,Management Science,,,,https://lmusolff.com/,"Accepted at Management Science per author website; article-in-advance online July 2026, not yet in an issue. EC'22 extended abstract version exists"
nber2025-09,NBER SI IO,2025,Pharmaceuticals and Digital Health: How Data-driven Insights May Reshape the Insulin Market,Lea Bignon,Lea Bignon,working_paper,,,,,https://leabignon.github.io/,"Job market paper, now circulating as 'Pharmaceuticals and Digital Health: Evidence from Data-driven Insights on the Insulin Market'; no journal status found"
nber2025-10,NBER SI IO,2025,Vertical Integration and Consumer Choice: Evidence from a Field Experiment,Chiara Farronato; Andrey Fradkin; Alexander MacKay,Chiara Farronato; Andrey Fradkin; Alexander MacKay,working_paper,,,,,https://www.nber.org/papers/w34135,"NBER WP 34135 (Sep 2025); also SSRN. MacKay's website lists it as 'revision requested' at the American Economic Review (R&R, not yet accepted, so not forthcoming)."
nber2026-01,NBER SI IO,2026,Competition and Welfare in Airport Slot Allocation,Sebastian Bauer,Sebastian Bauer,working_paper,,,,,https://papers.ssrn.com/sol3/papers.cfm?abstract_id=5881882,Job market paper; SSRN working paper posted Nov 2025. No journal placement found.
nber2026-02,NBER SI IO,2026,A Market for Airport Slots,Marleen Marra,Marleen Marra,working_paper,,,,,https://cepr.org/publications/dp19442,CEPR Discussion Paper 19442 (2024); also SSRN abstract 4948006. No journal acceptance found.
nber2026-03,NBER SI IO,2026,Price Elasticities in Logit Demand Models,Ariel Goldszmidt; Lancelot Henry de Frahan; John List; Magne Mogstad; Ian Muir; Alexander Torgovitsky,Ariel Goldszmidt; Lancelot Henry de Frahan; John A. List; Magne Mogstad; Ian Muir; Alexander Torgovitsky,working_paper,,,,On the Identification and Interpretation of Price Elasticities in a Class of Discrete-Choice Demand Models,,"Circulating title (per ResearchGate metadata, Jan 2026) is longer than the agenda title. No public NBER/SSRN posting located; not yet listed on Torgovitsky's July 2026 CV. No journal placement."
nber2026-04,NBER SI IO,2026,"Quality, Selection, and Congestion: Equilibrium Hospital Outcomes During Covid-19",Gautam Gowrisankaran; Kelli Marquardt; Robert Town,Gautam Gowrisankaran; Kelli Marquardt; Robert Town,working_paper,,,,,https://www.gautamgowrisankaran.com/research,Listed under Working Papers (July 2026 draft) on Gowrisankaran's website; no journal placement.
nber2026-05,NBER SI IO,2026,Targeting and Price Pass-Through in Housing Voucher Design,Fernando Ochoa,Fernando Ochoa,working_paper,,,,,https://nanoochoa.github.io/files/papers/JMP_vouchers_ochoa.pdf,"Job market paper (draft dated Nov 21, 2025). Author placed at Johns Hopkins (2027 start, Cowles postdoc in between). No journal placement."
nber2026-06,NBER SI IO,2026,What Do Certifications Certify?,Mark Egan; Gregor Matvos; Amit Seru; Hanbin Yang,Mark Egan; Gregor Matvos; Amit Seru; Hanbin Yang,not_found,,,,,,"No public version located: not on SSRN/NBER via search, not on Hanbin Yang's website, and absent from Egan's July 2025 HBS CV. Appears to be a new, not-yet-circulated paper prepared for NBER SI 2026."
nber2026-07,NBER SI IO,2026,A Double Dose of Reform: Insurance and Centralized Negotiation in Drug Markets,Panle Jia Barwick; Ashley Swanson; Tianli Xia,Panle Jia Barwick; Ashley Swanson; Tianli Xia,working_paper,,,,,https://www.nber.org/papers/w33832,NBER WP 33832 (2025); also CEPR DP20268 and SSRN 5253368. No journal acceptance found.
nber2026-08,NBER SI IO,2026,"Investment, Productivity, and Selection in the U.S. Shale Boom",Thomas Covert; Konan Hara; Ryan Kellogg; Richard Sweeney,Thomas Covert; Konan Hara; Ryan Kellogg; Richard Sweeney,working_paper,,,,,https://www.richard-sweeney.com/content/research/,"Listed as 'in progress' on Sweeney's research page; presented at LSE STICERD May 2025. No public draft, NBER number, or journal placement found."
nber2026-09,NBER SI IO,2026,The Personalization Paradox: Welfare Effects of Personalized Recommendations in Two-Sided Digital Markets,Aaron Kaye,Aaron Kaye,working_paper,,,,,https://apkaye.github.io/aaronpkaye.website/Kaye_Aaron_JMP.pdf,Job market paper (2023); author now at Boston University Questrom. Still listed as a working paper on his research page; no journal placement.
nber2026-10,NBER SI IO,2026,Social Media Advertising Loads as Prices,George Beknazar-Yuzbashev; Rafael Jimenez-Duran; Andrey Simonov; Mateusz Stalinski,George Beknazar-Yuzbashev; Rafael Jimenez-Duran; Andrey Simonov; Mateusz Stalinski,working_paper,,,,,https://papers.ssrn.com/sol3/papers.cfm?abstract_id=5952337,SSRN working paper (Dec 2025); also Warwick Economics Research Paper 1602 and CAGE WP 792 (2026). No journal placement found.
nber2026-11,NBER SI IO,2026,Private Labels and Product Imitation: Evidence from Amazon,Malika Korganbekova; Alibek Korganbekov,Malika Korganbekova; Alibek Korganbekov,working_paper,,,,,https://www.malikakorganbekova.com/research,Circulates under the title 'Marketplace Competition: The Role of Amazon Private Labels in Third-Party Seller Dynamics'; listed as a working paper on Korganbekova's site. No journal placement found.
utah2010-01,Utah WBEC,2010,The Effectiveness of Private Benefits in Fundraising,Holger Sieg (presenter),Holger Sieg; Jipeng Zhang,published,International Economic Review,2012,2,The Effectiveness of Private Benefits in Fundraising of Local Charities,https://onlinelibrary.wiley.com/doi/abs/10.1111/j.1468-2354.2012.00684.x,"IER 53(2), 349-374"
utah2010-02,Utah WBEC,2010,How (Not) to Pay for Advice,Marco Ottaviani (presenter),Roman Inderst; Marco Ottaviani,published,Journal of Financial Economics,2012,2,How (Not) to Pay for Advice: A Framework for Consumer Financial Protection,https://www.sciencedirect.com/science/article/abs/pii/S0304405X12000074,"JFE 105(2), 393-411"
utah2010-03,Utah WBEC,2010,The Evolution of Brand Preferences: Evidence from Consumer Packaged Goods,Matt Gentzkow (presenter),Bart J. Bronnenberg; Jean-Pierre H. Dubé; Matthew Gentzkow,published,American Economic Review,2012,2,The Evolution of Brand Preferences: Evidence from Consumer Migration,https://www.aeaweb.org/articles?id=10.1257/aer.102.6.2472,"AER 102(6), 2472-2508; subtitle changed from 'Consumer Packaged Goods' to 'Consumer Migration'"
utah2010-04,Utah WBEC,2010,Wintertime for Deceptive Advertising?,Eric Zitzewitz (presenter),Jonathan Zinman; Eric Zitzewitz,published,AEJ: Applied Economics,2016,6,,https://www.aeaweb.org/articles?id=10.1257/app.20130346,"AEJ: Applied 8(1), 177-192"
utah2010-05,Utah WBEC,2010,"Employer Learning, Productivity and the Earnings Distribution: Evidence from Performance Measures",Lisa Kahn (presenter),Lisa B. Kahn; Fabian Lange,published,Review of Economic Studies,2014,4,,https://academic.oup.com/restud/article-abstract/81/4/1575/1576902,"REStud 81(4), 1575-1613"
utah2010-06,Utah WBEC,2010,Performance and Turnover in a Stochastic Partnership,David McAdams (presenter),David McAdams,published,AEJ: Microeconomics,2011,1,,https://www.aeaweb.org/articles?id=10.1257/mic.3.4.107,"AEJ: Micro 3(4), 107-142; sole-authored"
utah2011-01,Utah WBEC,2011,Markov-Perfect Network Formation,Robin Lee (presenter),Robin S. Lee; Kyna Fong,working_paper,,,,Markov-Perfect Network Formation: An Applied Framework for Bilateral Oligopoly and Bargaining in Buyer-Seller Networks,https://robinlee.sites.fas.harvard.edu/papers/MPNENetworkFormation.pdf,Listed under Working Papers (2013 version) on Robin Lee's Harvard site; never published
utah2011-02,Utah WBEC,2011,Bilateral Trading in Networks,Daniele Condorelli (presenter),Daniele Condorelli; Andrea Galeotti; Ludovic Renou,published,Review of Economic Studies,2017,6,,https://academic.oup.com/restud/article-abstract/84/1/82/2669980,"REStud 84(1), 82-105"
utah2011-03,Utah WBEC,2011,Identifying Bidders' Groups in Collusive Auctions: Evidence from Average Bid Auctions,Francesco DeCarolis (presenter),Timothy G. Conley; Francesco Decarolis,published,AEJ: Microeconomics,2016,5,Detecting Bidders Groups in Collusive Auctions,https://www.aeaweb.org/articles?id=10.1257/mic.20130254,"AEJ: Micro 8(2), 1-38; title changed from 'Identifying' to 'Detecting'"
utah2011-04,Utah WBEC,2011,Advertising and Competition in Privatized Social Security: The Case of Mexico,Chad Syverson (presenter),Justine S. Hastings; Ali Hortaçsu; Chad Syverson,published,Econometrica,2017,6,Sales Force and Competition in Financial Product Markets: The Case of Mexico's Social Security Privatization,https://onlinelibrary.wiley.com/doi/abs/10.3982/ECTA12302,"Econometrica 85(6), 1723-1761; title changed from 'Advertising and Competition in Privatized Social Security'"
utah2011-05,Utah WBEC,2011,Optimal Patent Policy with Recurrent Innovators,Hugo Hopenhayn (presenter),Hugo Hopenhayn; Matthew Mitchell,working_paper,,,,,https://ideas.repec.org/e/pmi30.html,Only a 2010 SED meeting paper (no. 1313); not listed as published on either author's RePEc/research page
utah2011-06,Utah WBEC,2011,Trading Know-How,Willie Fuchs (presenter),William Fuchs; Luis Garicano; Luis Rayo,published,Review of Economic Studies,2015,4,Optimal Contracting and the Organization of Knowledge,https://academic.oup.com/restud/article/82/2/632/1585406,"REStud 82(2), 632-658; earlier circulated as 'Trading Know-How' (CEP DP 1308); Rayo added as coauthor"
utah2012-01,Utah WBEC,2012,Congested Observational Learning,Navin Kartik (presenter),Erik Eyster; Andrea Galeotti; Navin Kartik; Matthew Rabin,published,Games and Economic Behavior,2014,2,,https://rabin.scholars.harvard.edu/publications/congested-observational-learning,"GEB 87, 519-538"
utah2012-02,Utah WBEC,2012,Mandate Based Health Reform and the Labor Market: Evidence from the Massachusetts Reform,Amanda Kowalski (presenter),Jonathan T. Kolstad; Amanda E. Kowalski,published,Journal of Health Economics,2016,4,Mandate-based health reform and the labor market: Evidence from the Massachusetts reform,https://www.sciencedirect.com/science/article/abs/pii/S0167629616000278,"JHE 47, 81-106"
utah2012-03,Utah WBEC,2012,The Value of Bosses,Chris Stanton (presenter),Edward P. Lazear; Kathryn L. Shaw; Christopher T. Stanton,published,Journal of Labor Economics,2015,3,,https://www.journals.uchicago.edu/doi/abs/10.1086/681097,"JoLE 33(4), 823-861"
utah2012-04,Utah WBEC,2012,Duration Dependence and Local Labor Market Conditions: Theory and Evidence from a Field Experiment,Matthew Notowidigdo (presenter),Kory Kroft; Fabian Lange; Matthew J. Notowidigdo,published,Quarterly Journal of Economics,2013,1,Duration Dependence and Labor Market Conditions: Evidence from a Field Experiment,https://academic.oup.com/qje/article/128/3/1123/1852133,QJE 128(3): 1123-1167. 'Theory and' dropped from title at publication.
utah2012-05,Utah WBEC,2012,Managing Conflicts in Relational Contracts,Niko Matouschek (presenter),Jin Li; Niko Matouschek,published,American Economic Review,2013,1,,https://www.aeaweb.org/articles?id=10.1257/aer.103.6.2328,AER 103(6): 2328-2351.
utah2012-06,Utah WBEC,2012,Property Rights and the Efficiency of Bargaining,Ilya Segal (presenter),Ilya Segal; Michael D. Whinston,published,Journal of the European Economic Association,2016,4,,https://academic.oup.com/jeea/article-abstract/14/6/1287/2756718,JEEA 14(6): 1287-1328.
utah2012-07,Utah WBEC,2012,Loss Leading as an Exploitative Practice,Patrick Rey (presenter),Zhijun Chen; Patrick Rey,published,American Economic Review,2012,0,,https://www.aeaweb.org/articles?id=10.1257/aer.102.7.3462,"AER 102(7): 3462-3482 (December 2012, same year as conference)."
utah2012-08,Utah WBEC,2012,A Quantitative Analysis of the Used Car Market,Alessandro Lizzeri (presenter),Alessandro Gavazza; Alessandro Lizzeri; Nikita Roketskiy,published,American Economic Review,2014,2,,https://www.aeaweb.org/articles?id=10.1257/aer.104.11.3668,AER 104(11): 3668-3700.
utah2013-01,Utah WBEC,2013,"Auctions, Adverse Selection and Internet Display Advertising",Paul Milgrom (presenter),Nick Arnosti; Marissa Beck; Paul Milgrom,published,American Economic Review,2016,3,Adverse Selection and Auction Design for Internet Display Advertising,https://www.aeaweb.org/articles?id=10.1257/aer.20141198,AER 106(10): 2852-2866. Title changed from conference version.
utah2013-02,Utah WBEC,2013,Do Pharmacists Buy Bayer? Sophisticated Shoppers and the Brand Premium,Jean-Pierre Dube (presenter),Bart J. Bronnenberg; Jean-Pierre Dubé; Matthew Gentzkow; Jesse M. Shapiro,published,Quarterly Journal of Economics,2015,2,Do Pharmacists Buy Bayer? Informed Shoppers and the Brand Premium,https://academic.oup.com/qje/article-abstract/130/4/1669/1914783,QJE 130(4): 1669-1726. 'Sophisticated Shoppers' became 'Informed Shoppers'.
utah2013-03,Utah WBEC,2013,Nonlinear Pricing of Heterogeneous Durable Housing,Holger Sieg (presenter),Dennis Epple; Luis Quintero; Holger Sieg,published,Journal of Political Economy,2020,7,A New Approach to Estimating Equilibrium Models for Metropolitan Housing Markets,https://www.journals.uchicago.edu/doi/abs/10.1086/704755,JPE 128(3): 948-983. Conference title was provisional; project circulated in 2013 as GSIA WP 2013-E26 ('Estimating Hedonic Functions for Rents and Values in the Presence of Unobserved Heterogeneity in the Quality for Housing'); paper keywords include nonlinear pricing of quality-differentiated durable housing.
utah2013-04,Utah WBEC,2013,Estimating the Benefits of Contractual Completeness,Gregor Matvos (presenter),Gregor Matvos,published,Review of Financial Studies,2013,0,,https://academic.oup.com/rfs/article-abstract/26/11/2798/1613548,RFS 26(11): 2798-2844 (November 2013).
utah2013-05,Utah WBEC,2013,Recruitment and Selection in Organizations,Ricardo Alonso (presenter),Ricardo Alonso,working_paper,,,,,https://ideas.repec.org/p/ehl/lserod/58673.html,Sole-authored. Circulated as LSE working paper (2014) and CEPR DP 10662 (2015); still listed as a working paper on Alonso's LSE profile. Related later WP 'Recruiting and Selecting for Fit' (SSRN 2018) also appears unpublished.
utah2013-06,Utah WBEC,2013,Boarding a Sinking Ship: An Investigation of Job Applications to Distressed Firms,Jennifer Brown (presenter),Jennifer Brown; David A. Matsa,published,Journal of Finance,2016,3,,https://onlinelibrary.wiley.com/doi/abs/10.1111/jofi.12367,JF 71(2): 507-550.
utah2013-07,Utah WBEC,2013,Equilibrium in Health Exchanges: Adverse Selection vs. Reclassification Risk,Ben Handel (presenter),Benjamin R. Handel; Igal Hendel; Michael D. Whinston,published,Econometrica,2015,2,Equilibria in Health Exchanges: Adverse Selection versus Reclassification Risk,https://onlinelibrary.wiley.com/doi/abs/10.3982/ECTA12480,Econometrica 83(4): 1261-1313. Won the 2016 Frisch Medal.
utah2013-08,Utah WBEC,2013,"Healthcare Exceptionalism? Productivity, Competition and Resource Allocation in the US Healthcare Sector",Chad Syverson (presenter),Amitabh Chandra; Amy Finkelstein; Adam Sacarny; Chad Syverson,published,American Economic Review,2016,3,Health Care Exceptionalism? Performance and Allocation in the US Health Care Sector,https://www.aeaweb.org/articles?id=10.1257/aer.20151080,"AER 106(8): 2110-2144. Title changed from 'Productivity, Competition and Resource Allocation' working-paper version (NBER w19200)."
utah2014-01,Utah WBEC,2014,Cooperation vs. Collusion: How Essentiality Shapes Co-opetition,Patrick Rey (presenter),Patrick Rey; Jean Tirole,published,Journal of Political Economy,2019,5,Price Caps as Welfare-Enhancing Coopetition,https://www.tse-fr.eu/publications/cooperation-vs-collusion-how-essentiality-shapes-co-opetition,JPE 127(6): 3018-3069 (December 2019). The 2013 IDEI WP 801 / TSE WP 13-439 'Cooperation vs. Collusion: How Essentiality Shapes Co-opetition' was retitled; TSE's publication database records the working paper as replaced by the JPE article.
utah2014-02,Utah WBEC,2014,Regulating Consumer Financial Products: Evidence from Credit Cards,Neale Mahoney (presenter),Sumit Agarwal; Souphala Chomsisengphet; Neale Mahoney; Johannes Stroebel,published,Quarterly Journal of Economics,2015,1,,https://academic.oup.com/qje/article-abstract/130/1/111/2338025,QJE 130(1): 111-164.
utah2014-03,Utah WBEC,2014,Just Starting Out: Learning and Price Competition in a New Market,Greg Lewis (presenter),Ulrich Doraszelski; Gregory Lewis; Ariel Pakes,published,American Economic Review,2018,4,Just Starting Out: Learning and Equilibrium in a New Market,https://www.aeaweb.org/articles?id=10.1257/aer.20160177,AER 108(3): 565-615
utah2014-04,Utah WBEC,2014,Mansion Tax: The Effect of Transfer Taxes on the Residential Real Estate Market,Wojciech Kopczuk (presenter),Wojciech Kopczuk; David Munroe,published,AEJ: Economic Policy,2015,1,,https://www.aeaweb.org/articles?id=10.1257/pol.20130361,AEJ: Policy 7(2): 214-257
utah2014-05,Utah WBEC,2014,Bargaining in the Shadow of a Giant: Medicare's Influence on Private Payment Systems,Joshua Gottlieb (presenter),Jeffrey Clemens; Joshua D. Gottlieb,published,Journal of Political Economy,2017,3,In the Shadow of a Giant: Medicare's Influence on Private Physician Payments,https://www.journals.uchicago.edu/doi/abs/10.1086/689772,JPE 125(1): 1-39
utah2014-06,Utah WBEC,2014,The Burden of Past Promises,Mike Powell (presenter),Jin Li; Niko Matouschek; Michael Powell,published,AEJ: Microeconomics,2017,3,Power Dynamics in Organizations,https://www.aeaweb.org/articles?id=10.1257/mic.20150138,AEJ: Micro 9(1): 217-241; working paper 'The Burden of Past Promises' (SIOE/ISNIE 2014) was retitled 'Power Dynamics in Organizations' by the May 2015 submission (same three authors)
utah2014-07,Utah WBEC,2014,Identifying Dynamic Discrete Choice Models off Short Panels,Bob Miller (presenter),Peter Arcidiacono; Robert A. Miller,published,Journal of Econometrics,2020,6,,https://www.sciencedirect.com/science/article/abs/pii/S0304407619302064,J. Econometrics 215(2): 473-485
utah2014-08,Utah WBEC,2014,The Price of Liquor is Too Damn High: State Facilitated Collusion and the Implications for Taxes,Chris Conlon (presenter),Christopher T. Conlon; Nirupama L. Rao,forthcoming,Journal of Political Economy,,,The Cost of Curbing Externalities with Market Power: Alcohol Regulations and Tax Alternatives,https://www.nber.org/papers/w30896,"Retitled several times (also circulated as 'The Price of Liquor is Too Damn High: Alcohol Taxation and Market Structure'); listed as 'Accepted at Journal of Political Economy' on Conlon's research page as of July 2026, no issue assigned yet"
utah2015-01,Utah WBEC,2015,Bargaining Under the Illusion of Transparency,Kristof Madarasz (presenter),Kristof Madarasz,published,American Economic Review,2021,6,,https://www.aeaweb.org/articles?id=10.1257/aer.20150004,AER 111(11): 3500-3539; sole-authored
utah2015-02,Utah WBEC,2015,"Cheap Talk, Round Numbers, and the Economics of Negotiation",Matt Backus (presenter),Matthew Backus; Thomas Blake; Steven Tadelis,published,Journal of Political Economy,2019,4,On the Empirical Content of Cheap-Talk Signaling: An Application to Bargaining,https://www.journals.uchicago.edu/doi/abs/10.1086/701699,JPE 127(4)
utah2015-03,Utah WBEC,2015,How Long is a Minute?,Juan Carrillo (presenter),Isabelle Brocas; Juan D. Carrillo; Jorge Tarraso,published,Games and Economic Behavior,2018,3,,https://doi.org/10.1016/j.geb.2018.06.007,GEB 111: 305-322
utah2015-04,Utah WBEC,2015,Never Waste a Good Crisis? Growth and Decentralization in the Great Recession,Nick Bloom (presenter),Philippe Aghion; Nicholas Bloom; Brian Lucking; Raffaella Sadun; John Van Reenen,published,AEJ: Applied Economics,2021,6,"Turbulence, Firm Decentralization, and Growth in Bad Times",https://www.aeaweb.org/articles?id=10.1257/app.20180752,AEJ: Applied 13(1): 133-169
utah2015-05,Utah WBEC,2015,Demographics and Entrepreneurship,Ed Lazear (presenter),James Liang; Hui Wang; Edward P. Lazear,published,Journal of Political Economy,2018,3,,https://www.journals.uchicago.edu/doi/abs/10.1086/698750,JPE 126(S1): S140-S196
utah2015-06,Utah WBEC,2015,Muddled Information,Alex Frankel (presenter),Alex Frankel; Navin Kartik,published,Journal of Political Economy,2019,4,,https://www.journals.uchicago.edu/doi/abs/10.1086/701604,JPE 127(4): 1739-1776
utah2015-07,Utah WBEC,2015,The Welfare Effects of Vertical Integration in Multichannel Television Markets,Robin Lee (presenter),Gregory S. Crawford; Robin S. Lee; Michael D. Whinston; Ali Yurukoglu,published,Econometrica,2018,3,,https://onlinelibrary.wiley.com/doi/abs/10.3982/ECTA14031,Econometrica 86(3): 891-954
utah2015-08,Utah WBEC,2015,Sources of Geographic Variation in Health Care: Evidence from Patient Migration,Matt Gentzkow (presenter),Amy Finkelstein; Matthew Gentzkow; Heidi Williams,published,Quarterly Journal of Economics,2016,1,,https://academic.oup.com/qje/article-abstract/131/4/1681/2468872,QJE 131(4): 1681-1726
utah2016-01,Utah WBEC,2016,Relational Adaptation Under Reel Authority,Bob Gibbons (presenter),Daniel Barron; Robert Gibbons; Ricard Gil; Kevin J. Murphy,published,Management Science,2020,4,,https://pubsonline.informs.org/doi/10.1287/mnsc.2019.3292,Management Science 66(5): 1868-1889 (May 2020 issue; article online 2019)
utah2016-02,Utah WBEC,2016,Managerial Style and Attention,Wouter Dessein (presenter),Wouter Dessein; Tano Santos,published,AEJ: Microeconomics,2021,5,,https://www.aeaweb.org/articles?id=10.1257/mic.20190025,"Vol. 13(3), pp. 372-403 (Aug 2021); DOI 10.1257/mic.20190025. Presenter Dessein; coauthor Tano Santos."
utah2016-03,Utah WBEC,2016,Tax Revenue Volatility: Evidence from US States,Nathan Seegert (presenter),Nathan Seegert,working_paper,,,,,https://papers.ssrn.com/sol3/papers.cfm?abstract_id=2789889,"SSRN WP 2789889 (June 2016), solo-authored; still listed as a working paper on author's site and Google Scholar as of 2026. Distinct from his earlier published paper 'The Performance of State Tax Portfolios During and After the Great Recession' (National Tax Journal 2015)."
utah2016-04,Utah WBEC,2016,The Value of Medicaid: Interpreting Results from the Oregon Health Insurance Experiment,Amy Finkelstein (presenter),Amy Finkelstein; Nathaniel Hendren; Erzo F. P. Luttmer,published,Journal of Political Economy,2019,3,,https://www.journals.uchicago.edu/doi/abs/10.1086/702238,"Vol. 127(6), pp. 2836-2874 (Dec 2019); DOI 10.1086/702238."
utah2016-05,Utah WBEC,2016,Competition in Persuasion,Emir Kamenica (presenter),Matthew Gentzkow; Emir Kamenica,published,Review of Economic Studies,2017,1,,https://academic.oup.com/restud/article-abstract/84/1/300/2684496,"Vol. 84(1), pp. 300-322 (2017); DOI 10.1093/restud/rdw052."
utah2016-06,Utah WBEC,2016,Image Versus Information: Societal Change and Optimal Privacy,Roland Benabou (presenter),S. Nageeb Ali; Roland Benabou,published,AEJ: Microeconomics,2020,4,Image versus Information: Changing Societal Norms and Optimal Privacy,https://www.aeaweb.org/articles?id=10.1257/mic.20180052,"Vol. 12(3), pp. 116-164 (Aug 2020); DOI 10.1257/mic.20180052. Presenter Benabou; coauthor S. Nageeb Ali. Final title adds 'Changing'."
utah2016-07,Utah WBEC,2016,The Long-Term Consequences of Teacher Discretion in Grading of High-Stakes Tests,Rebecca Diamond (presenter),Rebecca Diamond; Petra Persson,working_paper,,,,,https://www.nber.org/papers/w22207,NBER WP 22207 (2016; latest draft Oct 2017). Listed under Working Papers on Diamond's research page (checked 2026); no peer-reviewed journal publication located.
utah2016-08,Utah WBEC,2016,Self-Employment Dynamics and the Returns to Entrepreneurship,Eleanor Dillon (presenter),Eleanor Wiske Dillon; Christopher T. Stanton,working_paper,,,,,https://www.nber.org/papers/w23168,"NBER WP 23168 (2017, updated 2024). Stanton's July 2025 CV lists it under 'Papers Under Revision': Reject and Resubmit at Journal of Financial Economics (R&R, not accepted)."
utah2017-01,Utah WBEC,2017,The Cost and Consequences of Surprise Out-of-Network Billing,Zack Cooper (presenter),Zack Cooper; Fiona Scott Morton; Nathan Shekita,published,Journal of Political Economy,2020,3,Surprise! Out-of-Network Billing for Emergency Care in the United States,https://www.journals.uchicago.edu/doi/10.1086/708819,"Vol. 128(9), pp. 3626-3677 (Sept 2020); DOI 10.1086/708819. Title changed from conference title 'The Cost and Consequences of Surprise Out-of-Network Billing'."
utah2017-02,Utah WBEC,2017,The Global Migration of Talent and Tax Incentives: Evidence from Malaysia's Returning Expert Program,Mathis Wagner (presenter),Ximena V. Del Carpio; Caglar Ozden; Mauro Testaverde; Mathis Wagner,working_paper,,,,,https://papers.ssrn.com/sol3/papers.cfm?abstract_id=2867656,World Bank Policy Research Working Paper 7875 (Nov 2016). Listed only as a working paper on Wagner's RePEc author profile (journal-articles list does not include it); no peer-reviewed journal publication located.
utah2017-03,Utah WBEC,2017,The Political Economy of Debt and Entitlements,Laurent Bouton (presenter),Laurent Bouton; Alessandro Lizzeri; Nicola Persico,published,Review of Economic Studies,2020,3,,https://academic.oup.com/restud/article-abstract/87/6/2568/5715596,"Vol. 87(6), pp. 2568-2599 (2020)."
utah2017-04,Utah WBEC,2017,"Common Ownership, Competition, and Top Management Incentives",Florian Ederer (presenter),Miguel Anton; Florian Ederer; Mireia Gine; Martin C. Schmalz,published,Journal of Political Economy,2023,6,,https://www.journals.uchicago.edu/doi/10.1086/722414,"Vol. 131(5), pp. 1294-1355 (May 2023); DOI 10.1086/722414."
utah2017-05,Utah WBEC,2017,The Welfare Effects of Long-Term Health Insurance Contracts,Mike Whinston (presenter),Soheil Ghili; Benjamin Handel; Igal Hendel; Michael D. Whinston,published,Review of Economic Studies,2024,7,"Optimal Long-Term Health Insurance Contracts: Characterization, Computation, and Welfare Effects",https://academic.oup.com/restud/article-abstract/91/2/1085/7160373,"Vol. 91(2), pp. 1085-1121 (March 2024). Published version of NBER WP 23624 'The Welfare Effects of Long-Term Health Insurance Contracts' (renamed); confirmed as the sole long-term-contracts paper on Handel's site. Presenter Whinston."
utah2017-06,Utah WBEC,2017,Recruiting Talent,Moritz Meyer-ter-Vehn (presenter),Simon Board; Moritz Meyer-ter-Vehn; Tomasz Sadzik,forthcoming,Review of Economic Studies,,,,http://www.econ.ucla.edu/sboard/papers/talent.pdf,Accepted/forthcoming at Review of Economic Studies per author pages and CVs (as of late 2025); not yet assigned to a volume/issue. Presenter Meyer-ter-Vehn.
utah2017-07,Utah WBEC,2017,The Returns to Nursing: Evidence from a Parental Leave Program,Ben Friedrich (presenter),Benjamin Friedrich; Martin B. Hackmann,published,Review of Economic Studies,2021,4,The Returns to Nursing: Evidence from a Parental-Leave Program,https://academic.oup.com/restud/article-abstract/88/5/2308/6121423,"Vol. 88(5), pp. 2308-2343 (2021). Final title hyphenates 'Parental-Leave'."
utah2017-08,Utah WBEC,2017,How Wide is the Firm Border?,Chad Syverson (presenter),Enghin Atalay; Ali Hortacsu; Mary Jialin Li; Chad Syverson,published,Quarterly Journal of Economics,2019,2,,https://academic.oup.com/qje/article-abstract/134/4/1845/5551486,"Vol. 134(4), pp. 1845-1882 (Nov 2019); DOI 10.1093/qje/qjz026."
utah2018-01,Utah WBEC,2018,The Gender Earnings Gap in the Gig Economy: Evidence from over a Million Uber Drivers,Paul Oyer (presenter),Cody Cook; Rebecca Diamond; Jonathan V. Hall; John A. List; Paul Oyer,published,Review of Economic Studies,2021,3,The Gender Earnings Gap in the Gig Economy: Evidence from over a Million Rideshare Drivers,https://academic.oup.com/restud/article-abstract/88/5/2210/6007480,"REStud 88(5), pp. 2210-2238; title changed from 'Uber Drivers' to 'Rideshare Drivers'"
utah2018-02,Utah WBEC,2018,"Organizational Capital, Corporate Leadership and Firm Dynamics",Andrea Prat (presenter),Wouter Dessein; Andrea Prat,published,Journal of Political Economy,2022,4,,https://www.journals.uchicago.edu/doi/10.1086/718985,JPE 130(6)
utah2018-03,Utah WBEC,2018,Optimal Arrangements for Distribution in Developing Markets: Theory and Evidence,Willie Fuchs (presenter),William Fuchs; Brett Green; David I. Levine,published,AEJ: Microeconomics,2022,4,,https://www.aeaweb.org/articles?id=10.1257/mic.20190085,"AEJ: Micro 14(1), pp. 411-450"
utah2018-04,Utah WBEC,2018,Uniform Pricing in US Retail Chains,Matt Gentzkow (presenter),Stefano DellaVigna; Matthew Gentzkow,published,Quarterly Journal of Economics,2019,1,,https://academic.oup.com/qje/article-abstract/134/4/2011/5523148,"QJE 134(4), pp. 2011-2084"
utah2018-05,Utah WBEC,2018,Why Are Some Immigrant Groups More Successful Than Others?,Ed Lazear (presenter),Edward P. Lazear,published,Journal of Labor Economics,2021,3,,https://www.journals.uchicago.edu/doi/abs/10.1086/706900,"JoLE 39(1), pp. 115-133"
utah2018-06,Utah WBEC,2018,Electoral Competition with Rationally Inattentive Voters,Filip Matejka (presenter),Filip Matejka; Guido Tabellini,published,Journal of the European Economic Association,2021,3,,https://academic.oup.com/jeea/article/19/3/1899/5910494,"JEEA 19(3), pp. 1899-1935"
utah2018-07,Utah WBEC,2018,"Delegated Expertise, Authority, and Communication",Dezso Szalay (presenter),Inga Deimen; Dezso Szalay,published,American Economic Review,2019,1,,https://www.aeaweb.org/articles?id=10.1257/aer.20161109,"AER 109(4), pp. 1349-1374"
utah2018-08,Utah WBEC,2018,Developing Novel Drugs,Danielle Li (presenter),Joshua Krieger; Danielle Li; Dimitris Papanikolaou,published,Review of Financial Studies,2022,4,Missing Novelty in Drug Development,https://academic.oup.com/rfs/article/35/2/636/6178014,"RFS 35(2), pp. 636-679; title changed from 'Developing Novel Drugs'"
utah2020-01,Utah WBEC,2020,Competition in Pricing Algorithms,Alexander MacKay (presenter),Zach Y. Brown; Alexander MacKay,published,AEJ: Microeconomics,2023,3,,https://www.aeaweb.org/articles?id=10.1257/mic.20210158,"AEJ: Micro 15(2), pp. 109-156"
utah2020-02,Utah WBEC,2020,Self-Enforcing Contracts with Persistence,William Fuchs (presenter),Martin Dumav; William Fuchs; Jangwoo Lee,published,Journal of Monetary Economics,2022,2,,https://www.sciencedirect.com/science/article/pii/S0304393222000411,"JME vol. 128, pp. 72-87"
utah2020-03,Utah WBEC,2020,Advantageous Selection as a Policy Instrument: Unraveling Climate Change,Steve Cicala (presenter),Steve Cicala; David Hemous; Morten Olsen,working_paper,,,,Adverse Selection as a Policy Instrument: Unraveling Climate Change,https://www.nber.org/papers/w30283,"NBER WP 30283; retitled from 'Advantageous Selection...'; author site lists 'Revision requested from the American Economic Review' (R&R, not yet accepted)"
utah2020-04,Utah WBEC,2020,The Way People Lie in Markets,Chloe Tergiman (presenter),Chloe Tergiman; Marie Claire Villeval,published,Management Science,2023,3,The Way People Lie in Markets: Detectable vs. Deniable Lies,https://pubsonline.informs.org/doi/abs/10.1287/mnsc.2022.4526,"Management Science 69(6), pp. 3340-3357"
utah2020-05,Utah WBEC,2020,Better Monitoring...Worse Productivity?,John Zhu (presenter),John Y. Zhu,published,RAND Journal of Economics,2024,4,Better Monitoring...Worse Outcome?,https://onlinelibrary.wiley.com/doi/10.1111/1756-2171.12484,RAND JE 55(4); title changed from 'Better Monitoring...Worse Productivity?'
utah2020-06,Utah WBEC,2020,Misfortune and Mistake: The Financial Conditions and Decision-making Ability of High-cost Loan Borrowers,Dan Silverman (presenter),Leandro Carvalho; Arna Olafsson; Dan Silverman,published,Journal of Political Economy,2024,4,,https://www.journals.uchicago.edu/doi/10.1086/730200,"JPE 132(9), pp. 3173-3213"
utah2020-07,Utah WBEC,2020,Multinational Enforcement of Labor Law: Experimental Evidence from Bangladesh's Apparel Sector,Laura Boudreau (presenter),Laura Boudreau,published,Econometrica,2024,4,Multinational Enforcement of Labor Law: Experimental Evidence on Strengthening Occupational Safety and Health Committees,https://onlinelibrary.wiley.com/doi/abs/10.3982/ECTA19408,"Econometrica 92(4), pp. 1269-1308; subtitle changed from 'Evidence from Bangladesh's Apparel Sector'"
utah2020-08,Utah WBEC,2020,Salience and Taxation with Imperfect Competition,Matt Notowidigdo (presenter),Kory Kroft; Jean-William Laliberté; René Leal-Vizcaíno; Matthew J. Notowidigdo,published,Review of Economic Studies,2024,4,,https://academic.oup.com/restud/article-abstract/91/1/403/7067755,"Vol. 91(1), pp. 403-437 (Jan 2024); verified via Oxford Academic and RePEc (v91y2024i1p403-437); prior NBER WP 27409"
utah2020-09,Utah WBEC,2020,The Costs of Payment Uncertainty in Healthcare Markets,Joshua Gottlieb (presenter),Abe Dunn; Joshua D. Gottlieb; Adam Hale Shapiro; Daniel J. Sonnenstuhl; Pietro Tebaldi,published,Quarterly Journal of Economics,2024,4,A Denial a Day Keeps the Doctor Away,https://academic.oup.com/qje/article-abstract/139/1/187/7209918,"Vol. 139(1), pp. 187-233 (Feb 2024); retitled from FRBSF WP 2020-13 'The Costs of Payment Uncertainty in Healthcare Markets' (same BillingCostsPaper project); coauthor Sonnenstuhl added"
utah2022-01,Utah WBEC,2022,School Food Policy Affects Everyone: Retail Response to the National School Lunch Program,Jessie Handbury (presenter),Jessie Handbury; Sarah Moshary,working_paper,,,,School Food Policy Affects Everyone: Retail Responses to the National School Lunch Program,https://www.nber.org/papers/w29384,NBER WP 29384 (Oct 2021); still listed as a working paper on Sarah Moshary's site as of 2026; agenda title used 'Response' (singular)
utah2022-02,Utah WBEC,2022,Sponsored Search in Equilibrium: Evidence from Two Experiments,Sarah Moshary (presenter),Sarah Moshary,published,Management Science,2025,3,Does Sponsored Search Advertising Augment Organic Search? Evidence from an E-Commerce Platform,https://pubsonline.informs.org/doi/10.1287/mnsc.2024.04792,"Vol. 71(11), pp. 9687-9709 (2025); retitled from 'Sponsored Search in Equilibrium: Evidence from Two Experiments' (same 3%-of-visitors blocking experiment); verified via INFORMS and RePEc"
utah2022-03,Utah WBEC,2022,Potential and the Gender Promotion Gap,Danielle Li (presenter),Alan Benson; Danielle Li; Kelly Shue,published,American Economic Review,2026,4,"""Potential"" and the Gender Promotion Gap",https://www.aeaweb.org/articles?id=10.1257/aer.20220831,"Vol. 116(2), pp. 375-417 (Feb 2026); verified via AEA article page and RePEc (v116y2026i2p375-417)"
utah2022-04,Utah WBEC,2022,"Monopsony, Skills, and Labor Market Concentration",Michael Lovenheim (presenter),Samuel Dodini; Michael F. Lovenheim; Kjell G. Salvanes; Alexander Willén,published,The Economic Journal,2024,2,"Monopsony, Job Tasks and Labour Market Concentration",https://academic.oup.com/ej/article-abstract/134/661/1914/7585877,"Vol. 134(661), pp. 1914-1949 (July 2024); title changed from 'Skills' to 'Job Tasks'; verified via Oxford Academic and RePEc"
utah2022-05,Utah WBEC,2022,Robust Bounds for Welfare Analysis,Shoshana Vasserman (presenter),Zi Yang Kang; Shoshana Vasserman,published,American Economic Review,2025,3,Robustness Measures for Welfare Analysis,https://www.aeaweb.org/articles?id=10.1257/aer.20220673,"Vol. 115(8), pp. 2449-2487 (Aug 2025); AER title changed from 'Robust Bounds for Welfare Analysis' (NBER WP 29656); verified via AEA article page"
utah2022-06,Utah WBEC,2022,Expectation Conformity in Strategic Cognition,Alessandro Pavan (presenter),Alessandro Pavan; Jean Tirole,working_paper,,,,,https://cepr.org/publications/dp21685,"CEPR Discussion Paper 21685 (dated June 30, 2026); circulating as a manuscript since 2021; no journal acceptance found as of July 2026"
utah2022-07,Utah WBEC,2022,Monopoly Screening in Insurance Markets,Victoria Marone (presenter),Hector Chade; Victoria R. Marone; Amanda Starc; Jeroen Swinkels,working_paper,,,,Multidimensional Screening for Quality with an Application to Health Insurance,https://www.nber.org/papers/w30542,"NBER WP 30542 ('Multidimensional Screening and Menu Design in Health Insurance Markets'), reworked into theory paper 'Multidimensional Screening for Quality with an Application to Health Insurance'; R&R at American Economic Review per Marone's CV (June 2026)"
utah2022-08,Utah WBEC,2022,The Value of Data Records,Jacopo Perego (presenter),Simone Galperti; Aleksandr Levkun; Jacopo Perego,published,Review of Economic Studies,2024,2,,https://academic.oup.com/restud/article-abstract/91/2/1007/7115889,"Vol. 91(2), pp. 1007-1038 (March 2024); verified via Oxford Academic and RePEc (v91y2024i2p1007-1038)"
utah2023-01,Utah WBEC,2023,Information and Disparities in Health Care Quality: Evidence from GP Choice in England,Zach Brown (presenter),Zach Y. Brown; Christopher Hansman; Jordan Keener; André F. Veiga,working_paper,,,,,https://www.nber.org/papers/w31033,NBER WP 31033 (2023); Reject & Resubmit at American Economic Review per Brown's CV (2025-2026); R&R does not count as forthcoming
utah2023-02,Utah WBEC,2023,Market Size and Trade in Medical Services,Joshua Gottlieb (presenter),Jonathan I. Dingel; Joshua D. Gottlieb; Maya Lozinski; Pauline Mourot,working_paper,,,,,https://www.nber.org/papers/w31030,"NBER WP 31030 (2023), also CEPR DP18029 / BFI 2023-37; R&R at American Economic Review (revisions due June 2026); R&R does not count as forthcoming"
utah2023-03,Utah WBEC,2023,Quota vs Quality? Long-Term Gains from an Unusual Gender Quota,Ursina Schaede (presenter),Ursina Schaede; Ville Mankki,published,American Economic Review,2026,3,Quota versus Quality? Long-Term Gains from an Unusual Gender Quota,https://www.aeaweb.org/articles?id=10.1257/aer.20230376,"Vol. 116(6), pp. 1996-2037 (June 2026); confirmed published in issue (not just forthcoming) via AEA article page"
utah2023-04,Utah WBEC,2023,"More Money, Fewer Problems? The Effect of Foster Care Payments on Children's Quality of Care",Anna Chorniy (presenter),Anna Chorniy; Chris Mills; Kate Musen,working_paper,,,,"More Money, Fewer Problems? The Effect of Foster Care Payments on Quality of Care",https://annachorniy.github.io/,Listed under Working Papers (2025) on Chorniy's site; not published in a journal; agenda title included 'Children's'
utah2023-05,Utah WBEC,2023,Tying in Markets with Network Effects,Michael Whinston (presenter),Jay Pil Choi; Doh-Shin Jeon; Michael D. Whinston,published,American Economic Review,2026,3,Tying with Network Effects,https://www.aeaweb.org/articles?id=10.1257/aer.20240461,"Vol. 116(1), pp. 332-374 (Jan 2026); retitled from 'Tying in Markets with Network Effects'; verified via AEA article page"
utah2023-06,Utah WBEC,2023,Close Enough? A Large-Scale Exploration of Non-Experimental Approaches to Advertising Measurement,Florian Zettelmeyer (presenter),Brett R. Gordon; Robert Moakler; Florian Zettelmeyer,published,Marketing Science,2023,0,,https://pubsonline.informs.org/doi/10.1287/mksc.2022.1413,"Vol. 42(4), pp. 768-793 (2023); verified via INFORMS/RePEc. DOI 10.1287/mksc.2022.1413"
utah2023-07,Utah WBEC,2023,Combining Human Expertise with Artificial Intelligence: Experimental Evidence from Radiology,Nikhil Agarwal (presenter),Nikhil Agarwal; Alex Moehring; Pranav Rajpurkar; Tobias Salz,working_paper,,,,,https://www.nber.org/papers/w31422,"NBER WP 31422 (2023, rev. Nov 2025). Listed as 'Revise and Resubmit, Econometrica' on MIT Economics page (checked July 2026); R&R does not count as forthcoming"
utah2023-08,Utah WBEC,2023,Organizational Capacity and Project Dynamics,Dana Foarta (presenter),Dana Foarta; Michael M. Ting,working_paper,,,,,https://papers.ssrn.com/sol3/papers.cfm?abstract_id=4321890,"Circulated as CEPR DP 17817 and Stanford GSB Research Paper 4069 (2023); listed only as a working paper on RePEc author page, no journal publication found as of July 2026"
utah2024-01,Utah WBEC,2024,Selling Subscriptions,Ben Klopack (presenter),Liran Einav; Benjamin Klopack; Neale Mahoney,published,American Economic Review,2025,1,,https://www.aeaweb.org/articles?id=10.1257/aer.20231612,"Vol. 115(5), pp. 1650-1671 (May 2025); DOI 10.1257/aer.20231612. Also NBER WP 31547"
utah2024-02,Utah WBEC,2024,Energy Transitions in Regulated Markets,Ashley Langer (presenter),Gautam Gowrisankaran; Ashley Langer; Mar Reguant,forthcoming,American Economic Review,,,,https://doi.org/10.1257/aer.20240094,"Accepted/forthcoming at AER; on AEA forthcoming articles list (DOI 10.1257/aer.20240094) and author CV (checked July 2026), not yet in an issue. NBER WP 32088"
utah2024-03,Utah WBEC,2024,The Human Capital Costs of Chapter 11: Evidence from the Healthcare Industry,Adrienne Sabety (presenter),Samuel Antill; Jessica Bai; Ashvin Gandhi; Adrienne Sabety,working_paper,,,,Healthcare Provider Bankruptcies,https://www.nber.org/papers/w33763,Retitled from 'The Human Capital Costs of Chapter 11: Evidence from the Healthcare Industry'. NBER WP 33763 (2025); listed as R&R at Review of Economic Studies on author site (checked July 2026)
utah2024-04,Utah WBEC,2024,Effects of Facebook and Instagram on the 2020 Election: A Deactivation Experiment,Matthew Gentzkow (presenter),Hunt Allcott; Matthew Gentzkow; Winter Mason; Arjun Wilkins; Pablo Barbera; Taylor Brown; Juan Carlos Cisneros; Adriana Crespo-Tenorio; Drew Dimmery; Deen Freelon; Sandra Gonzalez-Bailon; Andrew M. Guess; Young Mie Kim; David Lazer; Neil Malhotra; Devra Moehler; Sameer Nair-Desai; Houda Nait El Barj; Brendan Nyhan; Ana Carolina Paixao De Queiroz; Jennifer Pan; Jaime Settle; Emily Thorson; Rebekah Tromble; Carlos Velasco Rivera; Benjamin Wittenbrink; Magdalena Wojcieszak; Saam Zahedian; Annie Franco; Chad Kiewiet De Jonge; Natalie Jomini Stroud; Joshua A. Tucker,published,Proceedings of the National Academy of Sciences (PNAS),2024,0,The effects of Facebook and Instagram on the 2020 election: A deactivation experiment,https://www.pnas.org/doi/10.1073/pnas.2321584121,"Vol. 121(21), article e2321584121 (2024); DOI 10.1073/pnas.2321584121"
utah2024-05,Utah WBEC,2024,Five Facts About MPCs: Evidence from a Randomized Trial,Xavier Jaravel (presenter),Johannes Boehm; Etienne Fize; Xavier Jaravel,published,American Economic Review,2025,1,Five Facts about MPCs: Evidence from a Randomized Experiment,https://www.aeaweb.org/articles?id=10.1257/aer.20240138,"Vol. 115(1), pp. 1-42 (Jan 2025); DOI 10.1257/aer.20240138. Agenda said 'Randomized Trial'; published title says 'Randomized Experiment'"
utah2024-06,Utah WBEC,2024,Early Pension Withdrawal as Stimulus,Steven Hamilton (presenter),Steven Hamilton; Geoffrey Liu; Jorge Miranda-Pinto; Tristram Sainsbury,working_paper,,,,"A $100,000 Marshmallow Experiment: Withdrawal and Spending Responses to Early Retirement-Savings Access",https://papers.ssrn.com/sol3/papers.cfm?abstract_id=4389699,"Retitled from 'Early Pension Withdrawal as Stimulus'. SSRN WP (Dec 2024) / GWU IIEP WP 2023-02; reported as reject-and-resubmit at the American Economic Review, not yet accepted (checked July 2026)"
utah2024-07,Utah WBEC,2024,Comparisons of Signals,Emir Kamenica (presenter),Benjamin Brooks; Alexander Frankel; Emir Kamenica,published,American Economic Review,2024,0,,https://www.aeaweb.org/articles?id=10.1257/aer.20230430,"Vol. 114(9), pp. 2981-3006 (Sept 2024); DOI 10.1257/aer.20230430. Verified via AEA/RePEc"
utah2024-08,Utah WBEC,2024,Entry Barrier and Entrepreneurial Training on Digital Platforms: Evidence from a Large E-Commerce Experiment,Yizhou Jin (presenter),Yizhou Jin; Zhengyun Sun,working_paper,,,,AI Training for Online Entrepreneurs: Evidence from a Large E-Commerce Experiment,https://papers.ssrn.com/sol3/papers.cfm?abstract_id=4334216,Retitled from 'Entry Barrier and Entrepreneurial Training on Digital Platforms: Evidence from a Large E-Commerce Experiment'. Listed under Working Papers on author site (checked July 2026); SSRN 4334216
utah2025-01,Utah WBEC,2025,Firm Productivity and Learning in the Digital Economy: Evidence from Cloud Computing,Mert Demirer (presenter),James M. Brand; Mert Demirer; Connor Finucane; Avner A. Kreps,working_paper,,,,Firm Productivity and Learning with Digital Technologies: Evidence from Cloud Computing,https://www.nber.org/papers/w32938,Retitled from 'Firm Productivity and Learning in the Digital Economy: Evidence from Cloud Computing'. NBER WP 32938 (2024); working paper per author site (checked July 2026)
utah2025-02,Utah WBEC,2025,Algorithmic Coercion with Faster Pricing,Zach Brown (presenter),Zach Y. Brown; Alexander MacKay,working_paper,,,,,https://www.nber.org/papers/w34070,"NBER WP 34070 (2025); reported as R&R at Quarterly Journal of Economics, not yet accepted (checked July 2026)"
utah2025-03,Utah WBEC,2025,Access to Opportunity in the Sciences: Evidence from the Nobel Laureates,Paul Novosad (presenter),Paul Novosad; Sam Asher; Catriona Farquharson; Eni Iljazi,working_paper,,,,,https://cepr.org/publications/dp19551,CEPR DP 19551 (Oct 2024); author list confirmed from paper title page (May 2026 draft). Discussion paper only; no peer-reviewed journal publication found as of July 2026
utah2025-04,Utah WBEC,2025,"Moving to Opportunity, Together",Matt Notowidigdo (presenter),Seema Jayachandran; Lea Nassal; Matthew J. Notowidigdo; Marie Paul; Heather Sarsons; Elin Sundberg,working_paper,,,,,https://www.nber.org/papers/w32970,NBER WP 32970 (2024); no peer-reviewed journal publication or forthcoming acceptance found as of July 2026
utah2025-05,Utah WBEC,2025,Price Discovery in Labor Markets: Why Do Firms Say They Cannot Find Workers?,Benjamin Friedrich (presenter),Benjamin Friedrich; Michal Zator; Alison Zhao,working_paper,,,,,https://www.kellogg.northwestern.edu/faculty/research/detail/2025/price-discovery-in-labor-markets-why-do-firms-say/,Working paper (2024/2025 draft); listed under working papers on coauthor Michal Zator's homepage (checked July 2026). No NBER/journal publication found. Presenter Friedrich is a coauthor.
utah2025-06,Utah WBEC,2025,Pushing the Envelope: The Effects of Salary Negotiations,Zoe Cullen (presenter),Zoe B. Cullen; Bobak Pakzad-Hurson; Ricardo Perez-Truglia,working_paper,,,,,https://www.nber.org/papers/w33903,NBER WP 33903 (June 2025); also on SSRN (5285984). No journal publication as of July 2026.
utah2025-07,Utah WBEC,2025,What do News Readers Want?,Shoshana Vasserman (presenter),Gregory J. Martin; Cameron Pfiffer; Shoshana Vasserman,working_paper,,,,,https://web.stanford.edu/~gjmartin/papers/what_do_news_readers_want.pdf,"Working paper (May 2026 draft, hosted on Gregory Martin's Stanford page). No NBER/journal publication found. Presenter Vasserman is a coauthor."
utah2025-08,Utah WBEC,2025,Tunneling and Hidden Profits in Health Care,Andrew Olenski (presenter),Ashvin Gandhi; Andrew Olenski,working_paper,,,,,https://www.nber.org/papers/w32258,"NBER WP 32258 (March 2024, rev. Sept 2025); also SSRN (4762965). Listed as 'Revise & Resubmit at Journal of Finance' on coauthor Ashvin Gandhi's UCLA Anderson faculty page (checked July 2026). R&R does not count as forthcoming."
utah2026-01,Utah WBEC,2026,Driving a Bargain: Negotiation Skill and Price Dispersion,Tong Liu (presenter),Kristine Watson Hankins; Tong Liu; Denis Sosyura,working_paper,,,,,https://papers.ssrn.com/sol3/papers.cfm?abstract_id=5218988,SSRN working paper (Spring 2026 draft on Sosyura's site; SSRN 5218988). No journal publication found. Presenter Liu is a coauthor.
utah2026-02,Utah WBEC,2026,"Industrial Policy, Location Choice, and Firm Performance in High-Tech Manufacturing",Audrey Tiew (presenter),Ran Zhuo; Audrey Tiew,working_paper,,,,,https://papers.ssrn.com/sol3/papers.cfm?abstract_id=5380797,"SSRN working paper (SSRN 5380797, Aug 2025); also on Ran Zhuo's site. No journal publication found. Presenter Tiew is a coauthor."
utah2026-03,Utah WBEC,2026,Cash vs. In-Kind Transfers and Temptation Goods,Anna Chorniy (presenter),Anna Chorniy; Amy Finkelstein; Matthew J. Notowidigdo,working_paper,,,,Paternalistic Social Assistance: Evidence and Implications from Cash vs. In-Kind Transfers,https://www.nber.org/papers/w34506,NBER WP 34506. Working-paper title is 'Paternalistic Social Assistance: Evidence and Implications from Cash vs. In-Kind Transfers' (retitled from the presented topic). No journal publication found. Presenter Chorniy is a coauthor.
utah2026-04,Utah WBEC,2026,How People Use ChatGPT,Zoe Hitzig (presenter),Aaron Chatterji; Thomas Cunningham; David J. Deming; Zoe Hitzig; Christopher Ong; Carl Yan Shan; Kevin Wadman,working_paper,,,,,https://www.nber.org/papers/w34255,NBER WP 34255 (Sept 2025); also SSRN (5487080). No journal publication found. Presenter Hitzig is a coauthor.
utah2026-05,Utah WBEC,2026,Missing Markets for Innovation: Evidence from New Uses for Existing Drugs,Eric Budish (presenter),Eric B. Budish; Maya Durvasula; Benjamin Roin; Heidi Williams,working_paper,,,,,https://www.nber.org/papers/w34222,NBER WP 34222 (2025); also SSRN (5455862) and BFI WP 2025-125. No journal publication found. Presenter Budish is a coauthor.
utah2026-06,Utah WBEC,2026,"Growth, Firm Scale, and the Energy Intensity of Production",Conor Walsh (presenter),Conor Walsh; Kathryn McDonald; Noemie Pinardon-Touati,working_paper,,,,,https://www.conor-walsh.com/research,Working paper; listed under research/working papers on Conor Walsh's website (checked July 2026). No NBER number or journal publication found. Presenter Walsh is a coauthor.
utah2026-07,Utah WBEC,2026,The Geographical Leakage of Environmental Regulation: Evidence from the Clean Air Act,Juan Carlos Suarez Serrato (presenter),Mark Curtis; Weiting Miao; Felix Samy Soliman; Juan Carlos Suarez Serrato; Daniel Yi Xu,working_paper,,,,,https://weiting-miao.github.io/assets/files/Multi_Unit_Env_Regulation.pdf,Working paper (draft hosted on coauthor Weiting Miao's site). No NBER number or journal publication found. Presenter Suarez Serrato is a coauthor.
utah2026-08,Utah WBEC,2026,The Short-Run Effects of Congestion Pricing in New York City,Cody Cook (presenter),Cody Cook; Aboudy Kreidieh; Shoshana Vasserman; Hunt Allcott; Neha Arora; Freek van Sambeek; Andrew Tomkins; Eray Turkel,working_paper,,,,,https://www.nber.org/papers/w33584,NBER WP 33584 (2025); also SSRN (5181321) and SIEPR WP. No journal publication found. Presenter Cook is a coauthor.
